,Answer,Answered,Correct,Select2,Select4,Select3,Select1,TextLength,WordCount,AvgWordLength,AnswerRate,Entropy
0,1,2812,1247,986,252,327,1247,143,24,5.958333333333333,0.44345661450924606,1.203001387062605
1,3,14,8,5,1,8,0,50,5,10.0,0.5714285714285714,0.8024635041363438
2,2,2313,891,891,355,521,546,101,8,12.625,0.3852140077821012,1.391026220927862
3,2,2672,2161,2161,186,194,131,32,6,5.333333333333333,0.8087574850299402,0.7556241953601939
4,3,1704,684,301,414,684,305,138,23,6.0,0.4014084507042254,1.3819939745443885
5,4,833,159,128,159,462,84,98,17,5.764705882352941,0.1908763505402161,1.2206502632517942
6,2,1718,908,908,295,259,256,136,20,6.8,0.5285215366705471,1.257261214236218
7,2,89,31,31,13,20,25,176,22,8.0,0.34831460674157305,1.403953438405635
8,1,2327,912,305,452,658,912,171,23,7.434782608695652,0.3919209282337774,1.3587360012770902
9,3,834,303,305,87,303,139,88,12,7.333333333333333,0.36330935251798563,1.3017277546215633
10,1,1572,632,293,286,361,632,101,18,5.611111111111111,0.4020356234096692,1.386445131521936
11,2,2171,995,995,364,495,317,59,5,11.8,0.45831414094887146,1.3235774762727965
12,4,1701,679,652,679,215,155,231,42,5.5,0.3991769547325103,1.2223654362081577
13,1,1259,877,210,93,79,877,33,7,4.714285714285714,0.6965845909451946,0.9592755310720735
14,1,1697,1134,182,116,265,1134,140,18,7.777777777777778,0.6682380671773719,1.028369889650654
15,3,4,2,1,0,2,1,65,8,8.125,0.5,1.0
16,1,2300,1342,230,190,538,1342,77,11,7.0,0.5834782608695652,1.1196541545005456
17,4,848,364,173,364,150,161,90,17,5.294117647058823,0.42924528301886794,1.3650028250903297
18,1,2173,690,420,410,653,690,150,20,7.5,0.3175333640128854,1.4335123852733633
19,3,2692,1711,414,266,1711,301,129,10,12.9,0.6355869242199108,1.0987517282540913
20,3,1707,1082,123,431,1082,71,57,10,5.7,0.6338605741066198,0.9656138080160376
21,2,137,56,56,19,27,35,94,17,5.529411764705882,0.40875912408759124,1.360022684765599
22,3,2797,1730,748,200,1730,119,0,0,0.0,0.618519842688595,0.9747802841507165
23,3,579,260,110,81,260,128,114,17,6.705882352941177,0.44905008635578586,1.333539574951985
24,2,2391,1481,1481,352,282,276,95,7,13.571428571428571,0.6194061062317022,1.1301825161773393
25,2,2410,1956,1956,127,184,143,350,53,6.60377358490566,0.8116182572614108,0.7488992354495435
26,3,1505,795,292,303,795,115,105,12,8.75,0.5282392026578073,1.20803792280767
27,1,2329,1052,528,318,431,1052,0,0,0.0,0.45169600686990125,1.3280483700936823
28,1,90,44,32,7,7,44,207,36,5.75,0.4888888888888889,1.1035808169150954
29,4,1730,1066,194,1066,374,96,28,1,28.0,0.6161849710982659,1.063164958788719
30,1,2813,1428,378,574,433,1428,258,44,5.863636363636363,0.507643085673658,1.2725517598424376
31,3,2256,1516,171,407,1516,162,23,1,23.0,0.6719858156028369,1.0006752356675297
32,1,70,27,13,11,19,27,70,7,10.0,0.38571428571428573,1.381272611890871
33,1,4,1,1,1,1,1,102,15,6.8,0.25,1.5
34,1,2332,1145,307,253,627,1145,0,0,0.0,0.49099485420240135,1.242255898454462
35,2,186,96,96,45,30,15,60,8,7.5,0.5161290322580645,1.212800144422065
36,3,827,337,223,123,337,144,231,45,5.133333333333334,0.407496977025393,1.3578659762361271
37,4,2274,1377,378,1377,302,217,333,52,6.403846153846154,0.6055408970976254,1.1405801892322582
38,4,2482,1231,493,1231,395,363,250,42,5.9523809523809526,0.4959709911361805,1.2907892789386963
39,2,2607,1189,1189,354,587,477,42,7,6.0,0.45607978519370923,1.3237978964579242
40,1,2599,910,542,559,588,910,266,44,6.045454545454546,0.3501346671796845,1.4335584808782698
41,3,628,210,73,96,210,249,98,17,5.764705882352941,0.3343949044585987,1.3042952214717767
42,2,166,60,60,29,47,30,82,17,4.823529411764706,0.3614457831325301,1.401206849198614
43,2,232,174,175,13,27,17,45,6,7.5,0.75,0.8703895238222759
44,4,2169,707,791,707,302,369,207,40,5.175,0.3259566620562471,1.3614836387950329
45,3,2644,1128,770,304,1128,442,47,5,9.4,0.4266263237518911,1.3085183929309587
46,1,2554,674,492,283,1105,674,292,45,6.488888888888889,0.2638997650743931,1.3323579443675508
47,1,2884,1716,348,234,586,1716,69,9,7.666666666666667,0.59500693481276,1.129294718128977
48,3,851,325,184,120,325,222,160,24,6.666666666666667,0.381903642773208,1.3819547185541485
49,2,2607,1181,1181,400,607,419,229,38,6.026315789473684,0.45301112389719983,1.3283761015644748
50,2,2907,1711,1711,607,368,221,213,36,5.916666666666667,0.5885792913656691,1.1319261808693684
51,2,1737,919,919,231,400,187,190,30,6.333333333333333,0.5290731145653426,1.2211069310242453
52,1,2393,984,963,183,263,984,54,8,6.75,0.411199331383201,1.1622184485602332
53,3,2332,1105,313,537,1105,377,298,41,7.2682926829268295,0.47384219554030876,1.3017352275071383
54,4,2165,917,542,917,374,332,237,41,5.780487804878049,0.4235565819861432,1.3526339190667103
55,4,1487,646,332,646,369,140,82,13,6.3076923076923075,0.4344317417619368,1.302868300632363
56,3,2614,1350,380,200,1350,684,95,16,5.9375,0.5164498852333589,1.1942828618602785
57,2,104,40,40,19,35,10,43,5,8.6,0.38461538461538464,1.3016666602274454
58,1,78,33,12,17,16,33,71,10,7.1,0.4230769230769231,1.3632907889601478
59,2,2555,2076,2076,122,117,240,245,16,15.3125,0.8125244618395303,0.7337832322897035
60,3,192,78,39,27,78,48,152,25,6.08,0.40625,1.3650774789247655
61,4,78,18,27,18,22,11,58,6,9.666666666666666,0.23076923076923078,1.4433452199780825
62,1,869,390,195,124,160,390,92,13,7.076923076923077,0.4487917146144994,1.3340857017870809
63,4,1178,364,228,364,209,377,168,27,6.222222222222222,0.3089983022071307,1.4272217333287294
64,3,2195,1688,194,235,1688,78,64,10,6.4,0.7690205011389522,0.825547472384504
65,1,2855,2373,198,153,131,2373,68,11,6.181818181818182,0.8311733800350263,0.6972466552264289
66,1,1709,885,402,176,246,885,331,56,5.910714285714286,0.5178466939730837,1.2313882461401944
67,1,367,135,90,78,64,135,100,17,5.882352941176471,0.3678474114441417,1.4115189616313333
68,3,85,24,23,18,24,20,222,45,4.933333333333334,0.2823529411764706,1.4756907081338781
69,2,2627,1380,1380,665,307,275,26,1,26.0,0.525314046440807,1.204495903087667
70,2,873,261,261,156,292,164,118,21,5.619047619047619,0.29896907216494845,1.4256021926785518
71,3,2549,1014,795,427,1014,313,0,0,0.0,0.39780306002353866,1.3275823680775618
72,1,2113,1130,636,178,169,1130,83,14,5.928571428571429,0.5347846663511595,1.1135295821332174
73,3,170,100,19,24,100,27,18,4,4.5,0.5882352941176471,1.1736804717558211
74,1,833,405,206,81,141,405,56,10,5.6,0.48619447779111646,1.259191128229084
75,1,2616,1547,143,253,673,1547,106,18,5.888888888888889,0.5913608562691132,1.059052594582468
76,2,2322,1170,1170,332,361,459,102,12,8.5,0.5038759689922481,1.2810214626911054
77,3,579,196,130,98,196,155,232,39,5.948717948717949,0.3385146804835924,1.4266027976086033
78,3,1704,1156,184,220,1156,144,60,10,6.0,0.6784037558685446,1.0292940931843608
79,1,1732,584,539,251,358,584,46,5,9.2,0.3371824480369515,1.3980453359009424
80,2,2638,1857,1857,254,347,180,215,12,17.916666666666668,0.703942380591357,0.97434552336669
81,1,115,58,8,24,25,58,4,0,0.0,0.5043478260869565,1.217890679496987
82,4,2471,1554,374,1554,309,234,67,10,6.7,0.6288951841359773,1.1093931063591869
83,2,2905,1552,1552,380,221,752,182,34,5.352941176470588,0.5342512908777969,1.1712997794444333
84,1,2627,1014,449,647,542,989,128,24,5.333333333333333,0.38599162542824517,1.4032956146353874
85,4,1615,701,295,701,315,304,151,28,5.392857142857143,0.4340557275541796,1.3614985049442345
86,2,2185,1654,1654,157,241,133,64,9,7.111111111111111,0.7569794050343249,0.8695608124306374
87,4,1548,443,779,443,82,244,240,43,5.5813953488372094,0.28617571059431524,1.143218321205107
88,2,2286,1199,1199,173,708,206,134,20,6.7,0.5244969378827646,1.1184314127950477
89,4,2948,2078,298,2078,294,278,67,9,7.444444444444445,0.7048846675712347,0.9871511523799053
90,1,2477,1431,291,246,509,1431,71,11,6.454545454545454,0.5777149777957207,1.1629623074458633
91,4,2857,1335,281,1335,933,308,40,4,10.0,0.4672733636681834,1.2027725118111157
92,1,2322,1184,532,282,324,1184,130,15,8.666666666666666,0.5099052540913006,1.25291823010995
93,2,2290,522,522,413,745,610,125,12,10.416666666666666,0.2279475982532751,1.4810782160218232
94,1,1318,336,271,227,484,336,310,57,5.43859649122807,0.2549317147192716,1.4369966066426905
95,3,1311,504,342,233,504,232,122,19,6.421052631578948,0.38443935926773454,1.39080413219217
96,1,81,32,12,15,22,32,89,17,5.235294117647059,0.3950617283950617,1.369410439364746
97,1,1271,741,170,127,233,741,114,18,6.333333333333333,0.5830055074744296,1.168931409035961
98,2,174,81,81,49,22,22,62,8,7.75,0.46551724137931033,1.2692986869669278
99,2,136,63,63,18,25,30,99,10,9.9,0.4632352941176471,1.316345696858011
100,1,99,66,9,17,7,66,95,16,5.9375,0.6666666666666666,1.021223138323104
101,1,2587,1132,411,575,469,1132,255,48,5.3125,0.4375724777734828,1.3505245907499674
102,2,179,80,80,28,50,21,93,13,7.153846153846154,0.44692737430167595,1.2953092109746271
103,4,2389,1381,203,1381,621,184,23,1,23.0,0.5780661364587694,1.0923620606554971
104,3,89,20,21,8,20,40,92,15,6.133333333333334,0.2247191011235955,1.3225822141891346
105,1,1703,946,386,187,184,946,81,12,6.75,0.5554903112155021,1.1821732228406923
106,3,2112,1148,316,186,1148,462,235,38,6.184210526315789,0.5435606060606061,1.1983947057941629
107,2,78,29,29,11,16,22,85,17,5.0,0.3717948717948718,1.382352119348966
108,3,6,2,0,2,2,2,129,19,6.7894736842105265,0.3333333333333333,1.0566416671474375
109,1,111,50,16,18,27,50,80,12,6.666666666666667,0.45045045045045046,1.3244932906574882
110,1,1155,315,287,300,253,315,162,28,5.785714285714286,0.2727272727272727,1.484171017309546
111,2,2610,1775,1775,246,322,267,88,8,11.0,0.6800766283524904,1.0300735055708294
112,3,104,36,26,24,36,18,86,18,4.777777777777778,0.34615384615384615,1.426160751140928
113,4,11,5,1,5,2,3,29,0,0.0,0.45454545454545453,1.2728820190600287
114,3,104,50,8,30,50,16,46,8,5.75,0.4807692307692308,1.2174714126092636
115,2,104,44,44,17,22,21,11,0,0.0,0.4230769230769231,1.3672437817195697
116,2,2122,1130,1130,141,249,602,100,17,5.882352941176471,0.532516493873704,1.13828605193446
117,4,10,3,0,3,5,2,92,18,5.111111111111111,0.3,0.9643856189774724
118,4,2488,1290,346,1290,561,291,104,17,6.117647058823529,0.5184887459807074,1.242448366626331
119,2,2465,1117,1117,291,657,400,67,11,6.090909090909091,0.45314401622718053,1.2980611365183035
120,1,2143,784,448,279,632,784,68,9,7.555555555555555,0.36584227718152124,1.3745152790925566
121,4,167,60,18,60,63,26,49,6,8.166666666666666,0.3592814371257485,1.2947164156682565
122,2,2146,1407,1407,195,320,224,72,10,7.2,0.6556383970177073,1.0640913739576123
123,2,2144,951,951,239,451,503,53,10,5.3,0.4435634328358209,1.3166730803863649
124,2,1260,480,480,366,183,231,169,25,6.76,0.38095238095238093,1.3710389004420864
125,1,1274,694,102,68,410,694,51,7,7.285714285714286,0.5447409733124019,1.0436931296901928
126,1,83,21,18,14,30,21,124,18,6.888888888888889,0.25301204819277107,1.4419772041022374
127,2,109,47,47,14,30,18,0,0,0.0,0.43119266055045874,1.3216430397536312
128,1,78,22,24,12,20,22,0,0,0.0,0.28205128205128205,1.4421193888791926
129,3,2258,1083,388,464,1083,323,182,27,6.7407407407407405,0.4796279893711249,1.307030350568795
130,1,1583,551,630,156,246,551,168,24,7.0,0.34807327858496523,1.2758518202031723
131,1,113,52,15,15,31,52,160,24,6.666666666666667,0.46017699115044247,1.285346134664405
132,3,851,330,269,111,330,141,67,11,6.090909090909091,0.38777908343125733,1.3382146947327413
133,3,2296,1513,147,250,1513,386,44,7,6.285714285714286,0.6589721254355401,1.0346845824673856
134,1,2670,1720,375,251,324,1720,132,11,12.0,0.6441947565543071,1.087638182678349
135,1,1250,559,190,60,441,559,187,35,5.3428571428571425,0.4472,1.1536794288467296
136,4,71,26,14,26,11,20,234,41,5.7073170731707314,0.36619718309859156,1.3935681938893905
137,1,1288,805,153,170,160,805,168,33,5.090909090909091,0.625,1.1244934455527926
138,3,2497,1771,257,234,1771,235,34,4,8.5,0.7092511013215859,0.9785859915641825
139,3,6,2,3,1,2,0,48,7,6.857142857142857,0.3333333333333333,0.9308270834535259
140,2,167,68,68,22,17,60,55,8,6.875,0.40718562874251496,1.2513708102224177
141,2,86,39,39,5,32,10,183,35,5.228571428571429,0.45348837209302323,1.130296767996374
142,2,2457,668,668,472,735,582,250,45,5.555555555555555,0.2718762718762719,1.4702307939021422
143,2,2882,2050,2050,228,267,337,102,17,6.0,0.7113115891741846,0.9695678333577258
144,3,139,67,21,28,67,23,0,0,0.0,0.48201438848920863,1.3070304212288804
145,1,2241,1071,331,208,631,1071,208,35,5.942857142857143,0.4779116465863454,1.2406878269284407
146,4,1426,323,286,323,474,343,255,45,5.666666666666667,0.226507713884993,1.487525701819032
147,2,2255,1340,1340,432,186,297,150,24,6.25,0.5942350332594235,1.1388277177038006
148,2,2459,933,933,446,499,581,163,25,6.52,0.3794225294835299,1.4054439628092075
149,3,104,34,29,16,34,25,425,72,5.902777777777778,0.3269230769230769,1.4235858333346993
150,3,2465,1390,391,327,1390,357,67,10,6.7,0.563894523326572,1.2116647319134821
151,2,487,240,240,40,122,85,238,46,5.173913043478261,0.4928131416837782,1.2360079016108156
152,3,1491,520,252,227,520,492,236,40,5.9,0.3487592219986586,1.3747327207198523
153,1,4,3,1,0,0,3,61,6,10.166666666666666,0.75,0.5
154,4,2311,1818,208,1818,150,135,64,9,7.111111111111111,0.7866724361748161,0.8081117658472309
155,4,1675,276,759,276,210,430,112,16,7.0,0.1647761194029851,1.3966689204009377
156,3,591,286,157,84,286,64,33,7,4.714285714285714,0.48392554991539766,1.2553794358117532
157,3,1734,1211,213,163,1211,147,183,35,5.228571428571429,0.6983852364475202,0.9940794964742243
158,3,2208,885,454,228,885,641,0,0,0.0,0.4008152173913043,1.3254647597261178
159,2,2136,787,787,462,480,407,154,25,6.16,0.3684456928838951,1.4175220413032958
160,3,2237,1350,329,367,1350,191,93,12,7.75,0.6034868126955745,1.1376326018829936
161,1,2547,844,499,435,769,844,26,0,0.0,0.331370239497448,1.4178450017364808
162,3,1572,610,375,224,610,363,91,11,8.272727272727273,0.3880407124681934,1.3820741496314901
163,4,630,476,46,476,50,58,68,12,5.666666666666667,0.7555555555555555,0.8826007581696554
164,2,115,82,82,9,16,8,196,31,6.32258064516129,0.7130434782608696,0.9510595362450744
165,2,2294,1284,1284,241,515,254,200,33,6.0606060606060606,0.5597210113339146,1.1769020017166885
166,1,104,36,29,19,20,36,256,49,5.224489795918367,0.34615384615384615,1.4192237242473011
167,3,1601,674,369,249,674,309,130,13,10.0,0.42098688319800126,1.3636031957019863
168,4,206,144,11,144,30,21,109,16,6.8125,0.6990291262135923,0.9663296171540763
169,4,2302,603,554,603,966,179,79,11,7.181818181818182,0.2619461337966985,1.3067846501432454
170,1,1541,972,199,153,217,972,166,25,6.64,0.6307592472420506,1.1104388355005184
171,3,2116,1079,340,368,1079,329,42,7,6.0,0.5099243856332704,1.2802099608636819
172,2,616,186,186,215,108,107,211,32,6.59375,0.30194805194805197,1.4090778117832732
173,4,137,49,28,49,48,12,157,32,4.90625,0.35766423357664234,1.3060082878806136
174,3,1018,386,267,173,386,192,137,13,10.538461538461538,0.3791748526522593,1.3948256477796142
175,2,10,3,3,1,4,2,141,23,6.130434782608695,0.3,1.3253496664211535
176,2,1199,693,693,127,265,114,164,23,7.130434782608695,0.5779816513761468,1.1471654586558406
177,2,2545,1220,1220,292,389,644,12,0,0.0,0.4793713163064833,1.2742519775550667
178,4,2903,2491,165,2491,138,109,32,6,5.333333333333333,0.8580778504994833,0.6218463166185163
179,2,78,22,22,19,22,15,62,12,5.166666666666667,0.28205128205128205,1.468731371239865
180,4,80,20,23,20,27,10,16,1,16.0,0.25,1.4209064649580396
181,3,574,183,115,160,183,116,96,17,5.647058823529412,0.31881533101045295,1.444621884764485
182,3,2245,585,1184,327,585,149,144,22,6.545454545454546,0.26057906458797325,1.151368215942946
183,3,2596,1196,660,463,1196,277,277,30,9.233333333333333,0.46070878274268107,1.2903779785637293
184,1,2472,1531,308,251,382,1531,72,10,7.2,0.6193365695792881,1.1257448262025433
185,4,2715,1826,189,1826,519,181,90,11,8.181818181818182,0.6725598526703499,0.9844144461714031
186,2,2318,866,866,452,569,431,13,0,0.0,0.37359792924935287,1.4086000465530137
187,1,2184,1075,457,242,410,1075,115,8,14.375,0.49221611721611724,1.276941809890519
188,3,189,75,42,27,75,45,254,49,5.183673469387755,0.3968253968253968,1.376206099001298
189,2,178,64,64,30,36,48,177,22,8.045454545454545,0.3595505617977528,1.4091651301987362
190,2,2582,1673,1673,382,161,366,85,13,6.538461538461538,0.6479473276529821,1.0570305367336048
191,4,869,300,350,300,120,99,243,44,5.5227272727272725,0.34522439585730724,1.2798743046204546
192,4,80,22,17,22,28,13,308,53,5.811320754716981,0.275,1.4309163381095515
193,3,2315,1249,348,380,1249,338,272,45,6.044444444444444,0.5395248380129589,1.2441807034647274
194,2,1324,608,608,259,338,119,212,28,7.571428571428571,0.459214501510574,1.275738877240277
195,4,2554,1912,186,1912,303,153,9,0,0.0,0.7486296006264683,0.8833824933589565
196,1,1509,856,263,202,188,856,145,28,5.178571428571429,0.5672630881378397,1.2019987556652023
197,3,2166,753,514,306,753,593,123,9,13.666666666666666,0.3476454293628809,1.4029980192498528
198,3,326,159,52,30,159,85,187,32,5.84375,0.48773006134969327,1.2448153035990581
199,1,2966,2300,358,128,180,2300,136,30,4.533333333333333,0.7754551584625758,0.8092063769773563
200,1,1245,801,191,81,172,801,105,14,7.5,0.6433734939759036,1.0658977010208621
201,2,2128,852,852,277,426,573,38,7,5.428571428571429,0.40037593984962405,1.3571415780592009
202,1,2231,1735,212,133,151,1735,231,41,5.634146341463414,0.7776781712236666,0.828136568355872
203,1,855,403,151,71,230,403,150,18,8.333333333333334,0.47134502923976607,1.249458435996945
204,2,1908,818,818,330,308,452,0,0,0.0,0.42872117400419285,1.3547558023056572
205,4,425,192,98,192,54,81,116,21,5.523809523809524,0.45176470588235296,1.3220329274236886
206,1,2200,783,487,466,779,468,194,21,9.238095238095237,0.3559090909090909,1.486221513025721
207,3,2155,1173,328,414,1173,240,68,12,5.666666666666667,0.5443155452436195,1.2232553384405511
208,3,78,19,21,8,19,30,115,17,6.764705882352941,0.24358974358974358,1.3768377841828607
209,2,2723,1947,1947,292,243,241,167,21,7.9523809523809526,0.7150201983106867,0.9661244669942693
210,1,2460,923,712,391,434,923,130,22,5.909090909090909,0.3752032520325203,1.3810171313301356
211,4,2259,1557,106,1557,115,481,43,4,10.75,0.6892430278884463,0.9009568076805015
212,4,2352,869,237,869,756,490,117,13,9.0,0.36947278911564624,1.3314090453150724
213,2,2361,1416,1416,214,649,82,108,19,5.684210526315789,0.5997458703939009,0.994450503721346
214,3,2895,1241,943,310,1241,401,209,38,5.5,0.4286701208981002,1.2672888170009817
215,2,830,321,321,111,209,189,168,30,5.6,0.38674698795180723,1.3752704010912087
216,4,2217,1289,475,1289,359,94,87,14,6.214285714285714,0.5814163283716735,1.0948550165484845
217,1,2139,864,495,306,474,864,127,21,6.0476190476190474,0.40392706872370265,1.3716961497826339
218,1,1607,454,416,221,516,454,247,42,5.880952380952381,0.28251400124455506,1.4245956167994918
219,3,2211,1013,401,194,1013,603,120,17,7.0588235294117645,0.45816372682044326,1.2659559145415475
220,4,136,67,23,67,24,22,6,0,0.0,0.49264705882352944,1.3003412899237783
221,3,617,340,112,78,340,87,98,17,5.764705882352941,0.5510534846029174,1.2225719313514465
222,4,1520,914,442,914,95,69,63,11,5.7272727272727275,0.6013157894736842,0.9706941428213209
223,4,100,27,14,27,29,30,73,7,10.428571428571429,0.27,1.436103662177933
224,4,574,278,85,278,83,128,98,13,7.538461538461538,0.4843205574912892,1.2942263901088924
225,1,90,31,10,19,30,31,98,16,6.125,0.34444444444444444,1.3542523456765945
226,1,2105,807,702,292,304,807,85,14,6.071428571428571,0.3833729216152019,1.3268257578956588
227,4,1704,1147,149,1147,327,81,87,14,6.214285714285714,0.6731220657276995,0.9733393701557524
228,1,588,231,132,68,157,231,176,27,6.518518518518518,0.39285714285714285,1.3524150894052003
229,1,583,214,108,79,182,214,63,9,7.0,0.3670668953687822,1.3656736898030442
230,1,1500,450,394,157,499,450,147,25,5.88,0.3,1.3756367623648764
231,3,2173,1601,287,141,1601,144,105,17,6.176470588235294,0.7367694431661298,0.9012498931430504
232,2,593,302,302,77,136,78,254,39,6.512820512820513,0.5092748735244519,1.254571012812948
233,3,2606,1277,738,341,1277,250,144,22,6.545454545454546,0.49002302379125096,1.2237979943943647
234,2,2617,1103,1103,365,467,682,58,7,8.285714285714286,0.4214749713412304,1.3456614256151065
235,3,1902,807,440,230,807,425,176,27,6.518518518518518,0.4242902208201893,1.3402174565923282
236,2,2706,1553,1553,204,842,107,64,10,6.4,0.5739098300073909,0.9895227625336046
237,3,1885,617,637,337,617,294,145,21,6.904761904761905,0.3273209549071618,1.391072963896234
238,4,2595,1456,343,1456,571,225,218,23,9.478260869565217,0.5610789980732177,1.1723606384443315
239,3,9,5,0,2,5,2,14,2,7.0,0.5555555555555556,0.9644111117521389
240,2,111,40,40,25,22,24,10,2,5.0,0.36036036036036034,1.4248696048573075
241,4,2118,613,673,613,510,322,108,11,9.818181818181818,0.28942398489140697,1.4333446007246453
242,3,2565,960,532,434,960,639,243,30,8.1,0.3742690058479532,1.4039059323551157
243,3,1730,1132,181,277,1132,140,53,9,5.888888888888889,0.6543352601156069,1.0574233369592043
244,3,13,4,5,0,4,4,160,26,6.153846153846154,0.3076923076923077,1.0534089991410014
245,4,456,103,76,103,58,219,150,28,5.357142857142857,0.22587719298245615,1.317382500456985
246,4,1265,391,537,391,213,124,92,12,7.666666666666667,0.3090909090909091,1.2859716303084103
247,4,945,517,113,517,167,148,176,31,5.67741935483871,0.5470899470899471,1.227160893618246
248,3,2355,1754,227,215,1754,159,98,13,7.538461538461538,0.7447983014861995,0.9031303434724429
249,3,2500,1456,484,258,1456,302,56,5,11.2,0.5824,1.1650988216933393
250,3,2355,1648,200,314,1648,193,23,0,0.0,0.6997876857749469,0.9854956090284279
251,4,1723,381,238,381,286,818,65,9,7.222222222222222,0.2211259431224608,1.3347800885557863
252,3,2928,2034,540,169,2034,185,294,37,7.945945945945946,0.694672131147541,0.9390372397852728
253,2,113,52,52,22,26,13,160,24,6.666666666666667,0.46017699115044247,1.3062501954849852
254,1,136,84,5,25,22,84,55,8,6.875,0.6176470588235294,1.049518580266119
255,2,2867,1524,1524,446,451,446,102,13,7.846153846153846,0.5315660969654691,1.2549461971862346
256,4,1480,989,229,989,170,92,177,23,7.695652173913044,0.6682432432432432,1.0243016692828746
257,1,322,244,27,22,29,244,81,9,9.0,0.7577639751552795,0.8771447498938085
258,2,459,141,141,63,99,156,335,67,5.0,0.30718954248366015,1.3997161710124273
259,3,1731,1014,265,210,1014,242,188,32,5.875,0.58578856152513,1.1805212645760506
260,3,2293,1561,379,247,1561,106,39,5,7.8,0.6807675534234627,0.9805452914614838
261,4,2149,994,253,994,536,366,98,13,7.538461538461538,0.46254071661237783,1.2979744811931613
262,3,1707,645,448,372,645,242,209,36,5.805555555555555,0.37785588752196836,1.385078905718226
263,1,2551,1120,410,509,512,1120,0,0,0.0,0.4390435123480988,1.352856471691641
264,3,1730,976,318,222,976,214,65,10,6.5,0.5641618497109827,1.2022615202214841
265,4,2604,1146,518,1146,610,330,49,7,7.0,0.4400921658986175,1.3316044874954265
266,1,112,49,18,16,29,49,10,2,5.0,0.4375,1.3296719750443557
267,1,1891,834,604,204,249,834,160,24,6.666666666666667,0.44103648863035433,1.2576219738146024
268,2,565,181,181,108,125,151,247,41,6.024390243902439,0.32035398230088497,1.4465824930082776
269,1,68,23,11,24,10,23,434,76,5.7105263157894735,0.3382352941176471,1.3621132218393184
270,4,70,32,10,32,6,22,50,9,5.555555555555555,0.45714285714285713,1.2296600440098233
271,3,911,353,214,187,353,157,303,50,6.06,0.38748627881448955,1.3970041551885022
272,2,322,238,238,15,45,24,84,14,6.0,0.7391304347826086,0.8820533213520401
273,2,861,252,252,221,163,225,138,19,7.2631578947368425,0.2926829268292683,1.4641121469171576
274,2,2639,1521,1521,257,226,635,216,38,5.684210526315789,0.5763546798029556,1.1253854070831029
275,2,1021,440,440,72,234,275,185,37,5.0,0.4309500489715965,1.2666372408034607
276,4,2575,682,531,682,706,656,60,8,7.5,0.26485436893203884,1.4841356534623165
277,3,1700,865,176,437,865,222,140,18,7.777777777777778,0.5088235294117647,1.2260530620731054
278,3,2658,1439,368,160,1439,691,205,33,6.212121212121212,0.5413844996237773,1.1442554933590712
279,3,2160,838,557,389,838,376,243,42,5.785714285714286,0.38796296296296295,1.3886666637557317
280,2,1246,490,490,101,523,132,268,48,5.583333333333333,0.39325842696629215,1.1626296140575827
281,2,2385,1639,1639,196,183,367,101,17,5.9411764705882355,0.6872117400419288,0.9959699640754986
282,2,2555,701,701,306,1022,526,320,53,6.037735849056604,0.27436399217221136,1.3648829541407312
283,2,2650,1468,1468,475,383,324,237,42,5.642857142857143,0.5539622641509434,1.2185401927422082
284,2,2578,1667,1667,168,597,146,114,22,5.181818181818182,0.6466252909231963,0.9800520060275644
285,2,2361,1538,1538,148,231,444,111,13,8.538461538461538,0.6514188903007201,1.0319319284822246
286,4,570,190,155,190,135,90,153,23,6.6521739130434785,0.3333333333333333,1.4234994988609821
287,1,6,4,0,1,1,4,257,44,5.840909090909091,0.6666666666666666,0.861654166907052
288,3,838,415,178,114,415,131,319,58,5.5,0.49522673031026254,1.2848003531343917
289,2,2137,1035,1035,294,465,343,96,13,7.384615384615385,0.4843238184370613,1.2960944121872195
290,2,2686,1754,1754,146,404,382,129,9,14.333333333333334,0.6530156366344005,1.0396237484767359
291,3,1526,559,176,154,559,637,199,28,7.107142857142857,0.36631716906946266,1.2194305952716569
292,3,2377,1346,208,340,1346,483,131,13,10.076923076923077,0.5662599915860328,1.175992755629283
293,2,2634,1491,1491,170,842,131,22,0,0.0,0.5660592255125285,0.9964676829219724
294,3,4,2,0,1,2,1,47,8,5.875,0.5,1.0
295,2,2622,2079,2079,184,160,199,60,10,6.0,0.7929061784897025,0.7974909325880084
296,2,68,28,28,10,19,11,84,16,5.25,0.4117647058823529,1.3458067961867877
297,3,2458,1148,402,468,1148,440,181,27,6.703703703703703,0.467046379170057,1.3271077745802984
298,3,2201,1167,356,221,1167,457,104,16,6.5,0.530213539300318,1.2289481722838658
299,4,10,5,2,5,2,1,187,28,6.678571428571429,0.5,1.2609640474436812
300,4,2289,1154,516,1154,370,249,103,19,5.421052631578948,0.5041502839667977,1.2576341626043326
301,1,836,236,382,106,112,236,173,30,5.766666666666667,0.2822966507177033,1.282600894120482
302,3,1002,405,169,105,405,323,97,12,8.083333333333334,0.4041916167664671,1.3006173521804087
303,1,89,26,41,10,12,26,181,27,6.703703703703703,0.29213483146067415,1.259244303415889
304,1,2297,1290,659,178,170,1290,187,30,6.233333333333333,0.5616020896821942,1.0807366738623574
305,2,876,686,686,58,90,42,77,11,7.0,0.7831050228310502,0.8067380515758507
306,3,1205,814,249,67,814,75,0,0,0.0,0.6755186721991702,0.9511898397793026
307,1,2153,576,549,330,698,576,161,29,5.551724137931035,0.2675336739433349,1.4442819647294087
308,3,688,187,131,68,187,302,248,46,5.391304347826087,0.27180232558139533,1.3070269250336457
309,3,136,84,22,18,84,12,72,11,6.545454545454546,0.6176470588235294,1.1203115595616295
310,3,2183,805,460,371,805,547,251,35,7.171428571428572,0.36875858909757214,1.4082519927755617
311,4,2652,1352,297,1352,559,444,24,0,0.0,0.5098039215686274,1.2588700430956812
312,1,2796,2403,168,101,124,2403,32,3,10.666666666666666,0.8594420600858369,0.6161682361801899
313,3,9,4,1,1,4,3,77,6,12.833333333333334,0.4444444444444444,1.2327486116720103
314,1,2625,1708,594,148,175,1708,41,8,5.125,0.6506666666666666,0.9794714915367086
315,1,9,7,1,0,1,7,58,6,9.666666666666666,0.7777777777777778,0.7044277780982916
316,1,672,203,143,118,208,203,109,19,5.7368421052631575,0.3020833333333333,1.4394225132825662
317,3,1485,882,253,166,882,184,178,23,7.739130434782608,0.593939393939394,1.1616617852822904
318,2,78,40,40,6,16,16,373,61,6.114754098360656,0.5128205128205128,1.222250119390237
319,2,2849,1469,1469,468,441,471,217,36,6.027777777777778,0.5156195156195156,1.2739812932619845
320,2,319,238,238,13,26,42,32,7,4.571428571428571,0.7460815047021944,0.8680750500023319
321,2,590,444,444,33,59,54,67,10,6.7,0.752542372881356,0.8806144340548793
322,4,78,28,15,28,20,15,0,0,0.0,0.358974358974359,1.4182670663732
323,3,1720,1169,194,246,1169,111,66,11,6.0,0.6796511627906977,1.0115304879425437
324,4,590,202,119,202,128,141,298,52,5.730769230769231,0.3423728813559322,1.4376500838081625
325,4,2548,1063,728,1063,403,354,26,0,0.0,0.4171899529042386,1.3327990257691535
326,3,2125,950,586,312,950,277,133,16,8.3125,0.4470588235294118,1.3020638983411845
327,4,2244,925,436,925,627,256,121,21,5.761904761904762,0.41221033868092694,1.3305282093018624
328,1,2272,1320,344,253,355,1320,0,0,0.0,0.5809859154929577,1.183442828628565
329,4,166,46,66,46,32,22,124,17,7.294117647058823,0.27710843373493976,1.3732965317707984
330,1,665,388,82,25,170,388,141,20,7.05,0.5834586466165413,1.053346148347622
331,2,879,480,480,39,310,50,51,7,7.285714285714286,0.5460750853242321,0.9649442105151772
332,2,2910,1757,1757,179,421,553,49,6,8.166666666666666,0.6037800687285223,1.1062342061502861
333,2,2584,1381,1381,494,348,361,157,26,6.038461538461538,0.5344427244582043,1.242582501173504
334,3,583,231,106,69,231,177,131,16,8.1875,0.39622641509433965,1.333677515781289
335,4,2491,1085,743,1085,404,259,46,4,11.5,0.4355680449618627,1.2857422831922507
336,4,172,74,45,74,15,38,51,8,6.375,0.43023255813953487,1.2942787917499199
337,1,2652,1627,329,396,300,1627,90,17,5.294117647058823,0.6134992458521871,1.138852321401289
338,3,2163,574,448,822,574,319,122,12,10.166666666666666,0.26537216828478966,1.408169461780139
339,4,586,156,84,156,131,215,65,9,7.222222222222222,0.26621160409556316,1.415615884001725
340,2,79,42,42,9,17,11,0,0,0.0,0.5316455696202531,1.2299993235861513
341,4,1606,740,254,740,357,255,104,15,6.933333333333334,0.46077210460772106,1.3245879568072645
342,1,2823,1109,1230,210,274,1109,127,20,6.35,0.3928444916755225,1.1276968625338233
343,3,2157,1372,228,173,1372,384,65,9,7.222222222222222,0.6360686138154845,1.0778910547627807
344,1,2787,1858,77,762,90,1858,43,6,7.166666666666667,0.6666666666666666,0.8144992754023499
345,2,4,2,2,0,1,1,0,0,0.0,0.5,1.0
346,2,2188,1214,1214,394,348,232,87,1,87.0,0.5548446069469836,1.2105266708908518
347,2,78,53,53,9,16,0,72,10,7.2,0.6794871794871795,0.8282785956227615
348,2,1255,767,767,81,265,142,84,13,6.461538461538462,0.6111553784860557,1.0846313608169653
349,2,2627,1951,1951,295,232,149,48,8,6.0,0.7426722497145032,0.8982730643237005
350,3,1255,837,244,64,837,110,85,11,7.7272727272727275,0.6669322709163347,0.9861527253874768
351,2,1701,508,508,296,478,419,235,39,6.0256410256410255,0.2986478542034098,1.451519878104305
352,3,139,43,66,16,43,14,167,29,5.758620689655173,0.30935251798561153,1.202772389892031
353,4,891,410,130,410,214,137,115,21,5.476190476190476,0.4601571268237935,1.3147500716082017
354,4,1008,442,173,442,149,244,58,9,6.444444444444445,0.4384920634920635,1.3394779101245962
355,3,494,236,89,47,236,122,142,20,7.1,0.4777327935222672,1.2666454234439601
356,3,174,63,54,24,63,33,203,27,7.518518518518518,0.3620689655172414,1.372981017047384
357,4,7,4,2,4,1,0,74,8,9.25,0.5714285714285714,0.9174378237389731
358,3,846,288,220,162,288,176,241,44,5.4772727272727275,0.3404255319148936,1.4331724913924744
359,3,1178,586,158,198,586,236,86,13,6.615384615384615,0.49745331069609505,1.2858604202635764
360,1,2590,1561,533,271,225,1561,90,17,5.294117647058823,0.6027027027027027,1.1163270236321183
361,4,2303,941,415,941,552,395,144,18,8.0,0.4085974815458098,1.3757198467783818
362,2,1691,668,668,314,478,231,286,50,5.72,0.39503252513305737,1.3586196736827527
363,1,2673,1903,268,190,312,1903,106,17,6.235294117647059,0.7119341563786008,0.9655211422433916
364,2,1604,625,625,222,512,245,207,39,5.3076923076923075,0.38965087281795513,1.3348037294975148
365,1,2208,701,271,173,1063,701,185,32,5.78125,0.317481884057971,1.1670154305747662
366,2,136,105,105,12,10,9,99,16,6.1875,0.7720588235294118,0.8451705302077369
367,1,2292,1348,264,225,455,1348,194,36,5.388888888888889,0.5881326352530541,1.150939247097686
368,1,2299,1314,286,216,483,1314,247,44,5.613636363636363,0.5715528490648107,1.1675251181791215
369,3,2257,1401,370,258,1401,228,219,36,6.083333333333333,0.6207354895879486,1.1194490679718276
370,2,2831,1564,1564,331,665,271,67,10,6.7,0.5524549629106322,1.1769713000318283
371,1,2545,1006,584,544,411,1006,216,36,6.0,0.39528487229862475,1.387918018555151
372,2,2646,1634,1634,243,571,198,0,0,0.0,0.6175359032501889,1.07363770415339
373,2,2249,1242,1242,230,444,333,145,11,13.181818181818182,0.5522454424188529,1.2065349349874956
374,2,78,47,47,16,10,5,72,11,6.545454545454546,0.6025641025641025,1.1028018892489648
375,3,876,485,327,23,485,41,49,8,6.125,0.5536529680365296,0.8752981406250377
376,2,2334,1554,1554,201,430,149,186,30,6.2,0.6658097686375322,1.0076516173318069
377,2,319,171,171,21,83,44,72,10,7.2,0.5360501567398119,1.1579784856959587
378,1,656,265,137,153,101,265,120,21,5.714285714285714,0.40396341463414637,1.3773060041923346
379,1,2535,997,958,284,296,997,75,9,8.333333333333334,0.3932938856015779,1.2461164191980836
380,3,1471,608,384,221,608,258,290,49,5.918367346938775,0.41332426920462273,1.3571306347187548
381,3,174,117,27,9,117,21,40,6,6.666666666666667,0.6724137931034483,1.006309343756489
382,4,137,39,58,39,22,18,93,10,9.3,0.2846715328467153,1.3334167939908779
383,3,2352,1890,249,132,1890,81,4,0,0.0,0.8035714285714286,0.7435460324151691
384,4,1908,756,469,756,373,310,145,19,7.631578947368421,0.39622641509433965,1.3839220345694028
385,4,1501,579,243,579,174,505,106,18,5.888888888888889,0.38574283810792803,1.3143923543321898
386,2,856,437,437,95,267,57,195,36,5.416666666666667,0.5105140186915887,1.1365161681573286
387,2,554,184,184,106,143,121,254,47,5.404255319148936,0.33212996389891697,1.440218376146146
388,3,582,206,131,69,206,176,163,24,6.791666666666667,0.3539518900343643,1.3707672909523207
389,3,2504,1355,449,411,1355,289,83,12,6.916666666666667,0.5411341853035144,1.232037018766348
390,3,554,208,130,61,208,155,90,14,6.428571428571429,0.37545126353790614,1.3553659085748686
391,4,2797,1240,509,1240,494,554,237,38,6.2368421052631575,0.44333214158026457,1.351782800987065
392,2,2217,1204,1204,482,270,261,198,38,5.2105263157894735,0.5430762291384754,1.211927752913521
393,2,13,7,7,1,3,2,76,10,7.6,0.5384615384615384,1.1882885235910066
394,3,2601,2021,200,186,2021,194,89,12,7.416666666666667,0.7770088427527874,0.8360536441682405
395,1,191,67,22,19,83,67,191,35,5.457142857142857,0.3507853403141361,1.21285226968162
396,1,1932,1573,202,51,106,1573,63,7,9.0,0.8141821946169773,0.708793331709076
397,4,12,5,1,5,5,1,17,2,8.5,0.4166666666666667,1.1237580858842735
398,3,1012,501,161,107,501,243,228,41,5.560975609756097,0.4950592885375494,1.2588593808015927
399,2,174,71,71,30,41,32,197,30,6.566666666666666,0.40804597701149425,1.3779128161771381
400,4,104,40,12,40,27,25,4,0,0.0,0.38461538461538464,1.3589444677845601
401,2,115,70,70,14,17,14,10,2,5.0,0.6086956521739131,1.1474282275967669
402,3,2305,1066,484,288,1066,467,141,18,7.833333333333333,0.462472885032538,1.3143710863586506
403,3,2203,1437,309,243,1437,214,68,7,9.714285714285714,0.6522923286427599,1.075051723178563
404,2,1265,567,567,139,276,283,163,30,5.433333333333334,0.4482213438735178,1.3125782478001917
405,2,2930,2332,2332,156,257,185,91,12,7.583333333333333,0.7959044368600683,0.7848818342000996
406,1,2131,1670,166,137,158,1670,60,10,6.0,0.7836696386672923,0.8196798965165004
407,1,110,51,30,11,18,51,10,0,0.0,0.4636363636363636,1.2707373399884316
408,4,120,83,8,83,18,11,61,12,5.083333333333333,0.6916666666666667,0.9870212850545275
409,4,2863,1622,430,1622,315,496,57,5,11.4,0.5665385958784491,1.1992788386611406
410,3,2354,1891,133,258,1891,72,84,9,9.333333333333334,0.8033135089209855,0.7376942473271433
411,3,625,367,67,99,367,92,115,18,6.388888888888889,0.5872,1.1733245005087372
412,2,1675,866,866,264,325,220,64,10,6.4,0.5170149253731343,1.2637793779399362
413,3,2140,1384,334,163,1384,259,110,15,7.333333333333333,0.6467289719626168,1.0698941178118209
414,1,1210,994,83,47,86,994,0,0,0.0,0.8214876033057851,0.718312570257817
415,2,861,365,365,180,168,148,235,41,5.7317073170731705,0.42392566782810687,1.3687494233560709
416,3,2460,975,588,355,975,542,144,24,6.0,0.39634146341463417,1.377366032947052
417,4,2545,1252,453,1252,469,371,186,27,6.888888888888889,0.4919449901768173,1.2978675679482357
418,1,89,22,27,13,27,22,201,27,7.444444444444445,0.24719101123595505,1.449488746315586
419,2,68,24,24,24,15,5,133,19,7.0,0.35294117647058826,1.2881803763109207
420,2,2220,1687,1687,225,115,193,100,12,8.333333333333334,0.7599099099099099,0.8623130627317093
421,4,2820,2111,237,2111,226,246,83,8,10.375,0.7485815602836879,0.8990559447935148
422,2,144,129,129,2,10,3,49,9,5.444444444444445,0.8958333333333334,0.4692687956291499
423,4,2300,839,466,839,690,305,62,5,12.4,0.36478260869565216,1.3742660652629266
424,4,1711,632,341,632,139,599,117,19,6.157894736842105,0.36937463471654003,1.2880961470589034
425,4,78,14,28,14,17,19,265,46,5.760869565217392,0.1794871794871795,1.5059270914472704
426,1,80,23,31,11,15,23,184,28,6.571428571428571,0.2875,1.376408863093106
427,1,7,4,0,2,1,4,171,30,5.7,0.5714285714285714,0.9174378237389731
428,4,6,2,1,2,1,2,74,10,7.4,0.3333333333333333,1.3899750004807707
429,1,13,10,0,2,1,10,185,33,5.606060606060606,0.7692307692307693,0.7001014734171751
430,1,621,193,88,76,264,193,45,6,7.5,0.3107890499194847,1.2949820404926564
431,1,1253,852,171,113,117,852,33,7,4.714285714285714,0.6799680766161214,1.0245760378598587
432,1,837,535,146,64,92,535,33,7,4.714285714285714,0.6391875746714456,1.0731914287174147
433,2,2495,1237,1237,423,431,404,244,42,5.809523809523809,0.49579158316633265,1.2969965650155153
434,3,1693,642,498,311,642,242,267,44,6.068181818181818,0.37920850561134084,1.3695182291478711
435,3,2263,1232,287,392,1232,352,194,33,5.878787878787879,0.5444100751215201,1.2335267519243276
436,2,2224,1624,1624,180,158,262,23,0,0.0,0.7302158273381295,0.9280921320503456
437,3,1164,404,293,193,404,274,226,31,7.290322580645161,0.3470790378006873,1.4220244874060597
438,1,2659,1685,412,247,315,1685,202,21,9.619047619047619,0.6336968785257616,1.0998643260836682
439,2,2347,610,610,398,270,1069,124,18,6.888888888888889,0.25990626331487005,1.3097800436162956
440,2,1444,1197,1197,40,129,78,116,17,6.823529411764706,0.8289473684210527,0.682056356526857
441,4,1265,927,107,927,144,87,161,23,7.0,0.7328063241106719,0.9238903339345059
442,1,80,20,33,14,13,20,38,2,19.0,0.25,1.3930249313721514
443,3,167,75,28,33,75,31,14,2,7.0,0.4491017964071856,1.345208176821424
444,4,94,52,17,52,8,17,0,0,0.0,0.5531914893617021,1.1948829273186088
445,3,2454,1049,531,328,1049,546,30,0,0.0,0.42746536267318663,1.3483112686888366
446,3,2667,1232,274,212,1232,949,249,42,5.928571428571429,0.46194225721784776,1.1581167233648157
447,3,89,47,7,5,47,30,58,8,7.25,0.5280898876404494,1.0507074303763269
448,2,2622,1252,1252,269,663,438,211,37,5.702702702702703,0.4774980930587338,1.269851089517968
449,2,2818,1486,1486,482,436,414,182,34,5.352941176470588,0.5273243435060326,1.2587944030568254
450,4,136,63,10,63,42,21,0,0,0.0,0.4632352941176471,1.2165405060833767
451,4,2325,1816,123,1816,170,216,67,11,6.090909090909091,0.7810752688172043,0.8187411577126357
452,1,1752,1253,153,201,145,1253,81,9,9.0,0.7151826484018264,0.9630651796974199
453,4,2531,1250,588,1250,461,232,113,9,12.555555555555555,0.4938759383642829,1.2527304940823716
454,1,190,82,44,26,38,82,209,39,5.358974358974359,0.43157894736842106,1.3457722963009298
455,2,556,167,167,86,214,89,249,42,5.928571428571429,0.30035971223021585,1.3697753560057717
456,1,1888,727,403,299,459,727,375,70,5.357142857142857,0.3850635593220339,1.3926456316738112
457,1,2552,1877,276,191,208,1877,10,0,0.0,0.7355015673981191,0.9217556413371226
458,3,194,133,53,2,133,6,0,0,0.0,0.6855670103092784,0.7345624962744242
459,4,1931,1365,236,1365,205,125,78,8,9.75,0.7068876229932677,0.969779777563592
460,2,2894,1978,1978,232,514,170,145,13,11.153846153846153,0.6834830684174154,0.9749159657513478
461,4,2638,1802,326,1802,258,252,191,13,14.692307692307692,0.6830932524639879,1.0244407759946101
462,3,2914,2200,189,217,2200,308,77,12,6.416666666666667,0.7549759780370625,0.8776876855050781
463,1,2698,1360,526,312,500,1360,156,19,8.210526315789474,0.5040770941438102,1.2704520518535827
464,2,2395,1920,1920,311,83,81,81,9,9.0,0.8016701461377871,0.7157761541754137
465,2,2155,1274,1274,278,331,272,104,18,5.777777777777778,0.5911832946635731,1.1731674825813667
466,4,601,379,72,379,100,50,92,15,6.133333333333334,0.6306156405990017,1.0957039493308285
467,3,1433,554,253,95,554,531,100,19,5.2631578947368425,0.3866015352407537,1.2319693174391626
468,1,1929,1397,304,98,130,1397,66,10,6.6,0.7242094349403836,0.9007443064895198
469,1,2299,1489,457,129,224,1489,99,14,7.071428571428571,0.647672901261418,1.0238058622573663
470,1,570,189,172,102,107,189,92,16,5.75,0.33157894736842103,1.4188487882703078
471,1,168,63,42,33,30,63,68,11,6.181818181818182,0.375,1.4050254394522463
472,4,2370,1737,223,1737,247,163,9,0,0.0,0.7329113924050633,0.9264408808409237
473,4,2393,1923,119,1923,244,107,161,21,7.666666666666667,0.8035938152946093,0.751627249719675
474,1,1713,761,328,228,396,761,30,0,0.0,0.44424985405720957,1.332327717954553
475,1,2340,1222,459,395,264,1222,134,18,7.444444444444445,0.5222222222222223,1.24934594804713
476,1,852,364,260,70,158,364,92,14,6.571428571428571,0.4272300469483568,1.2695721759209873
477,2,6,3,3,1,0,2,65,8,8.125,0.5,0.9591479170272448
478,1,193,116,50,11,16,116,77,12,6.416666666666667,0.6010362694300518,1.0382001791497186
479,1,180,79,61,20,20,79,203,34,5.970588235294118,0.4388888888888889,1.2334725630137031
480,1,2351,1760,274,193,124,1760,154,21,7.333333333333333,0.7486176095278605,0.8813774663407228
481,4,78,20,14,20,39,5,43,5,8.6,0.2564102564102564,1.1988465740402492
482,3,321,203,34,36,203,48,78,12,6.5,0.632398753894081,1.1070076099419985
483,3,1473,557,398,221,557,297,375,62,6.048387096774194,0.3781398506449423,1.3865066989091188
484,3,2881,1372,638,573,1372,298,133,21,6.333333333333333,0.4762235334953141,1.2836134693470416
485,4,2248,1526,269,1526,286,167,0,0,0.0,0.6788256227758007,1.0235901283407434
486,3,2180,828,382,789,828,181,88,14,6.285714285714286,0.3798165137614679,1.2690548522448548
487,2,1333,520,520,507,200,106,236,34,6.9411764705882355,0.3900975243810953,1.2314795031642891
488,3,1646,1291,120,128,1291,107,59,10,5.9,0.784325637910085,0.8183000736523282
489,2,1156,545,545,253,155,203,66,6,11.0,0.47145328719723184,1.309100124225049
490,4,1215,838,144,838,128,105,76,14,5.428571428571429,0.6897119341563785,1.0119804329788304
491,1,1499,636,317,260,286,636,92,13,7.076923076923077,0.4242828552368246,1.3683668193320835
492,4,2176,1287,211,1287,515,163,123,18,6.833333333333333,0.5914522058823529,1.0985381928071327
493,1,2231,709,578,530,414,709,71,8,8.875,0.3177947108919767,1.4483631854902157
494,3,2789,1321,491,367,1321,610,121,20,6.05,0.4736464682681965,1.3057997435342192
495,3,2360,697,496,396,697,771,62,9,6.888888888888889,0.29533898305084744,1.4323527991095417
496,2,2148,1029,1029,339,440,340,251,46,5.456521739130435,0.4790502793296089,1.30988302831694
497,1,2108,1221,374,185,328,1221,96,14,6.857142857142857,0.5792220113851992,1.1683256697314914
498,1,1894,747,283,434,430,747,120,15,8.0,0.39440337909186907,1.3825066541797482
499,3,4,2,1,1,2,0,280,50,5.6,0.5,1.0
500,4,2585,516,998,516,800,271,49,7,7.0,0.19961315280464217,1.3948781532109429
501,3,2132,1686,161,172,1686,113,48,8,6.0,0.7908067542213884,0.7990567215818303
502,1,2881,1484,439,500,458,1484,104,14,7.428571428571429,0.5150989239847276,1.273861549546294
503,4,2172,1508,191,1508,198,275,59,7,8.428571428571429,0.6942909760589319,1.000924081610589
504,4,115,43,19,43,24,29,76,8,9.5,0.3739130434782609,1.4021227133613874
505,3,2321,1365,251,428,1365,277,83,13,6.384615384615385,0.5881085738905644,1.1628072251634491
506,2,2372,1417,1417,321,386,248,270,40,6.75,0.5973861720067454,1.1573525946727445
507,3,2198,1418,129,250,1418,401,33,7,4.714285714285714,0.6451319381255687,1.0445931788975684
508,3,1686,1297,105,150,1297,134,87,14,6.214285714285714,0.769276393831554,0.8503367241374873
509,2,2263,1312,1312,215,212,524,97,15,6.466666666666667,0.5797613787008395,1.1313608461502689
510,3,848,460,174,101,460,113,129,16,8.0625,0.5424528301886793,1.221935596205183
511,3,346,285,33,15,285,13,55,1,55.0,0.8236994219653179,0.6975093661186395
512,1,82,40,13,4,25,40,179,34,5.264705882352941,0.4878048780487805,1.156281257484844
513,2,2222,1155,1155,444,255,368,126,19,6.631578947368421,0.5198019801980198,1.252283356568283
514,4,1689,933,164,933,218,374,53,11,4.818181818181818,0.5523978685612788,1.189553399479654
515,2,664,296,296,76,116,176,145,20,7.25,0.4457831325301205,1.3054009930707728
516,1,192,98,33,17,44,98,0,0,0.0,0.5104166666666666,1.2334354667065774
517,3,2286,1423,320,271,1423,272,90,17,5.294117647058823,0.6224846894138233,1.1272138615652438
518,4,9,4,1,4,2,2,96,15,6.4,0.4444444444444444,1.3166250008012848
519,1,2368,1469,284,409,206,1469,301,49,6.142857142857143,0.6203547297297297,1.1110155653243996
520,2,2897,1590,1590,330,696,281,93,15,6.2,0.5488436313427684,1.1777703721237498
521,3,114,61,32,14,61,7,75,10,7.5,0.5350877192982456,1.1332343630484352
522,4,2337,1340,539,1340,315,143,137,14,9.785714285714286,0.5733846812152332,1.124431458002385
523,1,1761,564,250,212,735,564,202,29,6.9655172413793105,0.3202725724020443,1.2936552892027808
524,1,86,35,16,12,23,35,104,18,5.777777777777778,0.4069767441860465,1.3567212499051375
525,4,2649,1359,780,1359,270,240,0,0,0.0,0.5130237825594564,1.1690365597290855
526,1,1917,917,337,213,450,917,186,23,8.08695652173913,0.47835159102764735,1.2839249479677068
527,2,2663,1903,1903,255,205,300,59,6,9.833333333333334,0.7146075854299662,0.9637314112255643
528,1,2887,718,410,575,1184,718,250,47,5.319148936170213,0.24870107377900935,1.3909181801886688
529,1,2887,2100,366,146,275,2100,59,7,8.428571428571429,0.7273986837547627,0.918593702794586
530,1,1702,986,279,198,239,986,117,17,6.882352941176471,0.5793184488836662,1.1864214726460895
531,2,138,47,47,45,25,21,169,30,5.633333333333334,0.34057971014492755,1.3870091710815649
532,3,318,153,55,55,153,55,74,10,7.4,0.4811320754716981,1.3135262103470118
533,3,2890,2030,374,230,2030,256,0,0,0.0,0.7024221453287197,0.982108307556586
534,3,1176,490,195,217,490,274,0,0,0.0,0.4166666666666667,1.369411912589231
535,1,1710,720,306,310,374,720,277,52,5.326923076923077,0.42105263157894735,1.3704590819757816
536,3,1599,666,398,181,666,354,237,45,5.266666666666667,0.4165103189493433,1.3367699945211609
537,1,836,255,118,138,325,255,98,18,5.444444444444445,0.3050239234449761,1.3575971660362054
538,1,104,31,25,32,16,31,62,12,5.166666666666667,0.2980769230769231,1.4330355257685732
539,2,2246,1888,1888,119,129,110,31,3,10.333333333333334,0.8406055209260909,0.6744362038149856
540,1,1280,668,529,40,43,668,38,7,5.428571428571429,0.521875,0.8475663564961418
541,2,655,161,161,84,288,122,125,24,5.208333333333333,0.24580152671755726,1.3528250725532573
542,3,579,215,224,65,215,75,85,12,7.083333333333333,0.37132987910189985,1.2661794467239
543,3,849,260,214,211,260,164,133,21,6.333333333333333,0.30624263839811544,1.458518522129932
544,1,117,62,22,8,25,62,181,30,6.033333333333333,0.5299145299145299,1.1937278566042615
545,2,2308,963,963,243,717,385,214,36,5.944444444444445,0.4172443674176776,1.2968764348845458
546,3,1492,937,147,245,937,163,78,14,5.571428571428571,0.6280160857908847,1.1063752287904933
547,4,2924,1512,628,1512,657,127,151,19,7.947368421052632,0.5170998632010944,1.1571282896132231
548,3,10,4,0,3,4,3,160,22,7.2727272727272725,0.4,1.0421793564997237
549,3,655,335,106,87,335,127,126,24,5.25,0.5114503816793893,1.2709217455165445
550,2,1297,544,544,140,130,483,200,27,7.407407407407407,0.41942945258288356,1.2099982910083706
551,1,2839,1653,319,304,563,1653,67,10,6.7,0.5822472701655512,1.1624000128982444
552,2,1009,466,466,108,187,248,167,24,6.958333333333333,0.4618434093161546,1.2933617245650786
553,1,1499,1115,124,120,140,1115,125,16,7.8125,0.7438292194796531,0.9085193303260093
554,2,2260,1075,1075,254,481,450,125,21,5.9523809523809526,0.4756637168141593,1.2931021429744844
555,2,1713,765,765,340,290,318,237,42,5.642857142857143,0.44658493870402804,1.3478377181763317
556,3,108,38,33,22,38,15,38,3,12.666666666666666,0.35185185185185186,1.3857987469302362
557,3,73,37,18,11,37,7,72,12,6.0,0.5068493150684932,1.2338329018398013
558,2,90,42,42,8,15,25,213,35,6.085714285714285,0.4666666666666667,1.2545464993925388
559,1,2307,843,456,397,611,843,248,37,6.702702702702703,0.36540962288686607,1.406848354897168
560,3,1693,514,391,270,514,518,113,16,7.0625,0.303603071470762,1.433460849430849
561,3,615,395,84,83,395,53,91,17,5.352941176470588,0.6422764227642277,1.0870156937281177
562,3,110,50,24,9,50,27,164,29,5.655172413793103,0.45454545454545453,1.2721017747525214
563,1,1724,908,253,190,373,908,210,36,5.833333333333333,0.5266821345707656,1.234767484501717
564,2,1280,779,779,155,164,182,145,25,5.8,0.60859375,1.1487730776933853
565,2,1591,712,712,464,216,199,208,39,5.333333333333333,0.44751728472658703,1.2846945607016356
566,2,2145,1783,1783,84,105,173,55,1,55.0,0.8312354312354312,0.689056733461328
567,1,2195,1727,226,115,127,1727,77,12,6.416666666666667,0.7867881548974943,0.7984727510001516
568,2,141,100,100,13,21,7,21,3,7.0,0.7092198581560284,0.9413172963103486
569,1,458,213,55,45,145,213,149,24,6.208333333333333,0.4650655021834061,1.2214190752246596
570,1,1496,898,132,217,249,898,152,21,7.238095238095238,0.6002673796791443,1.1436402170669029
571,1,1648,940,209,210,289,940,82,12,6.833333333333333,0.5703883495145631,1.1970019621894612
572,4,1512,600,303,600,161,448,220,41,5.365853658536586,0.3968253968253968,1.3287769520099564
573,1,634,272,147,76,139,272,133,17,7.823529411764706,0.42902208201892744,1.3357911578694635
574,2,2172,1275,1275,192,258,447,197,32,6.15625,0.5870165745856354,1.1438384555036407
575,4,859,206,224,206,183,246,260,44,5.909090909090909,0.239813736903376,1.497549139048988
576,3,900,477,145,198,477,80,88,13,6.769230769230769,0.53,1.2153064082954328
577,3,1682,1165,153,128,1165,236,67,12,5.583333333333333,0.692627824019025,0.9949276155651245
578,2,90,52,52,33,4,1,56,8,7.0,0.5777777777777777,0.8025045746855408
579,3,2264,1582,302,196,1582,184,83,12,6.916666666666667,0.6987632508833922,0.9875619085574641
580,3,137,34,53,17,34,33,354,59,6.0,0.24817518248175183,1.398289388416058
581,3,1503,1160,177,104,1160,62,60,1,60.0,0.7717897538256819,0.8197756244297822
582,2,892,527,527,133,147,85,84,14,6.0,0.5908071748878924,1.1612397256576263
583,3,2619,1220,547,346,1220,506,280,44,6.363636363636363,0.4658266513936617,1.3159249311650738
584,4,1254,719,200,719,227,108,166,24,6.916666666666667,0.5733652312599681,1.1734182446135994
585,3,2546,1610,433,255,1610,248,11,1,11.0,0.6323644933228594,1.0944258332678891
586,1,1698,419,371,259,649,419,281,44,6.386363636363637,0.24676089517078917,1.4235794818820728
587,1,2611,1143,521,427,520,1143,198,37,5.351351351351352,0.437763309076982,1.3548346871449266
588,4,1745,534,355,534,468,388,60,8,7.5,0.3060171919770774,1.4588717118657135
589,3,2141,820,642,285,820,394,143,24,5.958333333333333,0.3829985987856142,1.357709456567528
590,2,85,43,43,13,20,9,248,48,5.166666666666667,0.5058823529411764,1.2484801890731907
591,3,1204,701,221,125,701,157,161,22,7.318181818181818,0.5822259136212624,1.171433337729134
592,3,2642,1552,293,397,1552,400,194,20,9.7,0.5874337623012869,1.1750858256387886
593,3,80,46,11,11,46,12,26,1,26.0,0.575,1.1977313700936987
594,2,1493,953,953,273,188,79,108,10,10.8,0.6383121232417951,1.0490121101005663
595,3,554,253,92,141,253,68,211,36,5.861111111111111,0.4566787003610108,1.3040514045673421
596,2,2633,1448,1448,396,305,484,205,38,5.394736842105263,0.5499430307633878,1.2204841644036573
597,1,10,5,0,1,4,5,162,22,7.363636363636363,0.5,0.860964047443681
598,3,189,42,41,62,42,44,228,35,6.514285714285714,0.2222222222222222,1.495316622789042
599,3,2874,784,1232,253,784,605,47,5,9.4,0.27279053583855256,1.3057159135713536
600,4,1699,808,394,808,228,269,145,23,6.304347826086956,0.4755738669805768,1.2987864488569953
601,1,2400,1551,284,136,429,1551,111,13,8.538461538461538,0.64625,1.0430459264976342
602,3,167,76,24,21,76,46,55,9,6.111111111111111,0.4550898203592814,1.2907513457536193
603,4,4,1,2,1,0,1,51,6,8.5,0.25,1.0
604,3,1155,535,222,202,535,196,160,23,6.956521739130435,0.46320346320346323,1.331495803650176
605,2,2581,700,700,736,907,238,43,6,7.166666666666667,0.2712127082526153,1.3634912942650659
606,1,4,2,0,2,0,2,95,15,6.333333333333333,0.5,0.5
607,2,181,106,106,29,27,19,209,36,5.805555555555555,0.585635359116022,1.1741127478381164
608,4,4,3,0,3,1,0,39,9,4.333333333333333,0.75,0.5
609,1,1595,722,429,113,331,722,193,37,5.216216216216216,0.4526645768025078,1.2509297604764815
610,2,2572,1599,1599,338,454,181,46,8,5.75,0.6216951788491446,1.095870270619976
611,2,2280,671,671,376,756,477,134,23,5.826086956521739,0.2942982456140351,1.4290567429860894
612,4,1711,1246,154,1246,244,67,66,11,6.0,0.72822910578609,0.8964214887753053
613,3,192,63,41,67,63,21,231,45,5.133333333333334,0.328125,1.3548640039826196
614,1,2615,1650,279,437,249,1650,139,18,7.722222222222222,0.6309751434034416,1.098831041218947
615,2,2291,1331,1331,316,405,239,201,39,5.153846153846154,0.5809690091663029,1.1763287911145657
616,3,2830,1966,532,201,1966,131,41,6,6.833333333333333,0.6946996466431096,0.9294984229591603
617,2,2197,1029,1029,339,443,386,145,16,9.0625,0.46836595357305416,1.3226327903267245
618,2,322,105,105,54,107,56,73,11,6.636363636363637,0.32608695652173914,1.399056503894087
619,1,167,53,66,25,23,53,26,2,13.0,0.31736526946107785,1.3333769325191893
620,2,846,358,358,95,165,228,237,40,5.925,0.4231678486997636,1.3239768190909866
621,3,75,42,8,5,42,20,76,14,5.428571428571429,0.56,1.1133708588557336
622,3,1914,1235,261,191,1235,227,187,35,5.3428571428571425,0.6452455590386625,1.0885652167509956
623,3,2578,862,517,584,862,615,63,9,7.0,0.3343677269200931,1.4433810676146166
624,2,2291,824,824,568,519,380,130,10,13.0,0.35966826713225664,1.4140267980645127
625,1,2918,1771,322,576,249,1771,33,7,4.714285714285714,0.6069225496915696,1.1159609266392017
626,2,2552,1352,1352,472,496,232,276,51,5.411764705882353,0.5297805642633229,1.224120163165191
627,3,2236,960,496,201,960,579,116,13,8.923076923076923,0.4293381037567084,1.2991083340667655
628,2,2175,737,737,504,400,534,140,17,8.235294117647058,0.3388505747126437,1.4355470174949536
629,3,2342,1827,211,162,1827,142,90,12,7.5,0.7801024765157984,0.8245917337335336
630,3,7,5,0,2,5,0,0,0,0.0,0.7142857142857143,0.5163871205878868
631,2,623,297,297,91,108,127,56,10,5.6,0.4767255216693419,1.3113750969085451
632,3,137,53,27,25,53,32,58,10,5.8,0.38686131386861317,1.3996812238387042
633,2,180,86,86,34,25,35,92,15,6.133333333333334,0.4777777777777778,1.309106356194644
634,3,2842,2361,194,103,2361,184,187,35,5.3428571428571425,0.830752990851513,0.6935032540735794
635,4,2705,1629,209,1629,633,234,245,34,7.205882352941177,0.6022181146025878,1.081212497264656
636,4,1713,1280,177,1280,128,128,86,12,7.166666666666667,0.7472270869819031,0.8976379471451729
637,2,2650,1803,1803,241,389,217,35,5,7.0,0.680377358490566,1.0165363102198945
638,4,2677,1305,677,1305,260,435,209,36,5.805555555555555,0.4874859917818454,1.2543028912653256
639,1,2879,1767,342,576,194,1767,25,1,25.0,0.6137547759638764,1.0917742457438302
640,1,2345,905,486,487,467,905,129,13,9.923076923076923,0.3859275053304904,1.4051300908012887
641,3,1575,492,350,381,492,352,125,19,6.578947368421052,0.31238095238095237,1.4606266751364045
642,2,2861,1479,1479,410,735,237,28,4,7.0,0.5169521146452289,1.2030578515161061
643,3,865,591,167,62,591,45,33,7,4.714285714285714,0.6832369942196532,0.9525135895371231
644,2,2385,1514,1514,520,253,98,168,27,6.222222222222222,0.6348008385744235,1.0116782226129752
645,2,2313,1547,1547,172,199,395,136,21,6.476190476190476,0.6688283614353653,1.0187246543363213
646,2,2616,1749,1749,252,331,284,89,9,9.88888888888889,0.6685779816513762,1.0503356434986009
647,4,467,153,118,153,61,135,114,19,6.0,0.32762312633832974,1.4026307521433368
648,3,78,37,17,7,37,17,76,13,5.846153846153846,0.47435897435897434,1.2702085886722743
649,3,136,66,16,19,66,35,87,15,5.8,0.4852941176470588,1.2638740480810426
650,4,2630,1426,306,1426,412,486,53,6,8.833333333333334,0.5422053231939163,1.2301909184549313
651,2,82,48,48,10,11,13,9,1,9.0,0.5853658536585366,1.180219793503619
652,1,603,427,62,49,65,427,32,6,5.333333333333333,0.7081260364842454,0.9781154831209518
653,4,2164,1366,314,1366,250,234,183,32,5.71875,0.6312384473197782,1.1108163247660765
654,2,320,218,218,16,49,37,99,17,5.823529411764706,0.68125,0.9905190899643581
655,3,2375,1386,376,226,1386,387,229,39,5.871794871794871,0.5835789473684211,1.1704209174576838
656,1,1744,1178,157,144,265,1178,22,0,0.0,0.6754587155963303,1.0228542456626508
657,3,1705,1136,194,256,1136,119,102,15,6.8,0.6662756598240469,1.035580628966402
658,1,2477,1223,377,488,389,1223,211,36,5.861111111111111,0.4937424303593056,1.2945236682835428
659,3,2422,1596,191,87,1596,548,152,24,6.333333333333333,0.6589595375722543,0.9464622253887198
660,4,6,6,0,6,0,0,167,31,5.387096774193548,1.0,0.0
661,2,1674,410,410,369,306,589,233,42,5.5476190476190474,0.24492234169653523,1.4592779639947764
662,1,1431,680,221,182,348,680,168,25,6.72,0.4751921733053808,1.2906354638747035
663,2,167,48,48,34,51,34,23,3,7.666666666666667,0.2874251497005988,1.4576026656218135
664,3,2621,1171,574,300,1171,576,38,7,5.428571428571429,0.4467760396795116,1.3181527629472813
665,4,230,125,31,125,22,52,53,8,6.625,0.5434782608695652,1.198547864233952
666,1,78,44,16,5,13,44,0,0,0.0,0.5641025641025641,1.1536963927057107
667,1,1622,639,436,267,280,639,137,20,6.85,0.39395807644882863,1.375427985411635
668,3,2934,2113,379,270,2113,172,185,32,5.78125,0.7201772324471711,0.938044311972912
669,4,2192,996,319,996,181,696,173,34,5.088235294117647,0.4543795620437956,1.227295149980393
670,3,2825,964,734,467,964,660,219,41,5.341463414634147,0.34123893805309735,1.424553832138711
671,4,112,47,26,47,21,18,73,6,12.166666666666666,0.41964285714285715,1.3657975121228598
672,1,1727,1398,57,123,149,1398,84,12,7.0,0.8094962362478286,0.7388668815310002
673,2,2348,1822,1822,161,224,141,92,12,7.666666666666667,0.7759795570698467,0.832169557057198
674,2,2107,792,792,239,452,624,57,9,6.333333333333333,0.375889890840057,1.3525213833676557
675,2,2577,1260,1260,273,803,241,194,36,5.388888888888889,0.4889406286379511,1.1869900016841968
676,1,2878,1661,515,346,356,1661,35,5,7.0,0.5771369006254343,1.1846012190549857
677,4,1805,752,694,752,285,74,108,15,7.2,0.4166204986149584,1.1396018678132291
678,4,2621,1156,340,1156,357,768,55,6,9.166666666666666,0.44105303319343764,1.2928921125723296
679,3,1546,1326,106,74,1326,40,99,13,7.615384615384615,0.8576972833117723,0.6113940309364363
680,2,11,4,4,2,2,3,87,11,7.909090909090909,0.36363636363636365,1.4055576207543283
681,3,623,302,133,71,302,117,287,54,5.314814814814815,0.48475120385232745,1.285801091048083
682,3,1737,1150,185,354,1150,48,64,11,5.818181818181818,0.6620610247553252,0.9548659307792091
683,1,2107,1533,235,142,197,1533,83,13,6.384615384615385,0.7275747508305648,0.9348503264716601
684,1,1567,477,774,198,118,477,121,18,6.722222222222222,0.3044033184428845,1.1606988860362981
685,1,1536,926,151,134,325,926,68,7,9.714285714285714,0.6028645833333334,1.1100754480519768
686,2,2146,1173,1173,200,432,341,71,11,6.454545454545454,0.5465983224603914,1.2062832573761835
687,4,1716,1011,187,1011,100,418,213,42,5.071428571428571,0.5891608391608392,1.083786046183514
688,3,1727,1298,204,137,1298,88,64,9,7.111111111111111,0.7515923566878981,0.8728739537359868
689,3,324,196,48,24,196,56,94,15,6.266666666666667,0.6049382716049383,1.1239864959323547
690,1,1706,1370,88,87,161,1370,80,13,6.153846153846154,0.8030480656506448,0.760953906780522
691,3,2184,1432,338,220,1432,194,140,25,5.6,0.6556776556776557,1.060427606295157
692,2,73,38,38,21,9,5,21,4,5.25,0.5205479452054794,1.1543318930825892
693,2,115,49,49,21,30,15,141,23,6.130434782608695,0.4260869565217391,1.3369878320138389
694,3,85,28,11,13,28,33,134,18,7.444444444444445,0.32941176470588235,1.3260095680020656
695,1,1649,943,247,294,165,943,77,10,7.7,0.5718617343844754,1.1861089700260676
696,1,2557,1368,817,151,221,1368,137,20,6.85,0.5350019554165037,1.0722801990824027
697,2,571,344,344,65,86,76,203,38,5.342105263157895,0.6024518388791593,1.1554511148063447
698,2,68,20,20,7,23,18,79,7,11.285714285714286,0.29411764705882354,1.3742081898579432
699,1,78,24,19,21,14,24,176,28,6.285714285714286,0.3076923076923077,1.4507623368714468
700,3,1689,1282,164,107,1282,136,46,8,5.75,0.7590290112492599,0.8715006972752097
701,3,1255,522,237,208,522,288,290,48,6.041666666666667,0.4159362549800797,1.3711973759527745
702,4,166,54,31,54,43,38,448,81,5.530864197530864,0.3253012048192771,1.4438174742519037
703,4,78,26,18,26,13,21,99,10,9.9,0.3333333333333333,1.428690809495989
704,2,1723,995,995,426,175,127,130,20,6.5,0.5774811375507836,1.1108551874433155
705,1,860,434,232,59,135,434,88,14,6.285714285714286,0.5046511627906977,1.1944564157457005
706,1,1490,833,178,364,115,833,57,9,6.333333333333333,0.5590604026845638,1.1481552487796576
707,2,2270,1377,1377,155,401,337,106,15,7.066666666666666,0.6066079295154185,1.1147593237008748
708,2,84,28,28,21,11,24,227,40,5.675,0.3333333333333333,1.4004554997016498
709,1,2135,635,391,318,791,635,241,45,5.355555555555555,0.297423887587822,1.3884045684385016
710,4,2171,1605,214,1605,164,188,71,6,11.833333333333334,0.7392906494702902,0.9166514703111768
711,1,1593,479,390,381,343,479,103,16,6.4375,0.30069052102950405,1.4676851342150763
712,2,1243,665,665,197,182,199,188,28,6.714285714285714,0.5349959774738536,1.250171989872149
713,2,458,308,308,44,64,42,152,23,6.608695652173913,0.6724890829694323,1.0375289197331716
714,1,2318,1401,240,278,399,1401,207,40,5.175,0.6044003451251079,1.1426482215949263
715,2,11,6,6,3,2,0,76,7,10.857142857142858,0.5454545454545454,0.958388235547547
716,1,1488,790,283,192,223,790,183,28,6.535714285714286,0.5309139784946236,1.2469630978570518
717,2,1723,1005,1005,181,424,113,38,4,9.5,0.583284968078932,1.09704992168296
718,4,658,121,136,121,203,198,230,36,6.388888888888889,0.1838905775075988,1.5148830670538374
719,2,104,39,39,15,24,26,0,0,0.0,0.375,1.3911027890006449
720,4,588,252,189,252,88,59,79,10,7.9,0.42857142857142855,1.2692519852632738
721,2,1679,1015,1015,185,298,181,66,12,5.5,0.604526503871352,1.1397252835395388
722,3,6,3,2,1,3,0,73,14,5.214285714285714,0.5,0.9591479170272448
723,2,627,396,396,114,53,64,41,7,5.857142857142857,0.631578947368421,1.0845248029834782
724,3,70,33,24,5,33,8,23,2,11.5,0.4714285714285714,1.1590675876459886
725,3,1002,390,215,228,390,169,124,19,6.526315789473684,0.38922155688622756,1.3955240187749334
726,3,317,88,36,43,88,150,199,34,5.852941176470588,0.277602523659306,1.2581708196322672
727,2,2911,2200,2200,181,218,312,54,12,4.5,0.7557540364136036,0.8745131901761714
728,2,97,56,56,1,28,12,0,0,0.0,0.5773195876288659,0.9584632856021179
729,4,2122,530,561,530,219,812,206,38,5.421052631578948,0.24976437323279924,1.3758820679678383
730,2,4,3,3,0,1,0,95,14,6.785714285714286,0.75,0.5
731,3,1688,1291,166,144,1291,87,86,14,6.142857142857143,0.7648104265402843,0.8524967701224115
732,3,2345,1009,429,392,1009,515,43,1,43.0,0.4302771855010661,1.359990001510978
733,3,85,72,10,2,72,1,91,15,6.066666666666666,0.8470588235294118,0.5659153084813706
734,4,1469,411,255,411,547,256,137,19,7.2105263157894735,0.27978216473791695,1.4084903105255324
735,3,2290,1317,351,285,1317,337,188,32,5.875,0.5751091703056769,1.1957128801217
736,4,2876,1448,293,1448,906,229,38,7,5.428571428571429,0.5034770514603616,1.1513528310867558
737,3,1317,674,305,151,674,187,276,50,5.52,0.5117691723614275,1.2468512875630509
738,3,2634,1552,397,272,1552,413,56,6,9.333333333333334,0.5892179195140471,1.1688499360878781
739,2,174,110,110,23,14,27,99,17,5.823529411764706,0.632183908045977,1.0955260188378575
740,1,2469,1271,517,290,391,1271,69,12,5.75,0.5147833130822195,1.2562904042627483
741,2,637,453,453,69,50,65,181,31,5.838709677419355,0.7111459968602826,0.9715111689197485
742,3,2562,2041,104,163,2041,254,80,13,6.153846153846154,0.7966432474629196,0.7710761904260454
743,1,174,46,58,30,40,46,269,47,5.723404255319149,0.26436781609195403,1.4531610809625746
744,1,2170,1198,307,283,382,1198,193,39,4.948717948717949,0.552073732718894,1.2235772781598278
745,2,2602,1038,1038,258,1077,229,206,36,5.722222222222222,0.398923904688701,1.1659228196729903
746,3,655,257,224,65,257,109,148,17,8.705882352941176,0.39236641221374047,1.290681274181126
747,4,226,134,31,134,28,33,100,16,6.25,0.5929203539823009,1.1717054653263816
748,1,1904,783,396,353,372,783,258,39,6.615384615384615,0.4112394957983193,1.3821818853044985
749,1,2674,1158,530,131,855,1158,62,6,10.333333333333334,0.4330590875093493,1.2019527297588561
750,2,1689,892,892,110,596,91,69,10,6.9,0.5281231497927767,1.0139808824520202
751,1,2380,1724,264,147,245,1724,95,12,7.916666666666667,0.7243697478991596,0.9376626494617284
752,3,104,24,29,31,24,20,53,6,8.833333333333334,0.23076923076923078,1.491683471854302
753,3,2281,1639,204,200,1639,238,316,23,13.73913043478261,0.718544498027181,0.9596171565620217
754,3,2653,1324,385,141,1324,803,213,33,6.454545454545454,0.49905767056162836,1.1509897935205924
755,4,2178,971,451,971,336,420,138,17,8.117647058823529,0.445821854912764,1.3443094667445799
756,1,657,398,91,68,100,398,117,20,5.85,0.6057838660578386,1.1470817833834193
757,4,4,1,1,1,1,1,82,16,5.125,0.25,1.5
758,1,2807,1788,264,356,399,1788,162,27,6.0,0.6369789811186319,1.0986519143736648
759,1,138,51,29,29,29,51,133,22,6.045454545454546,0.3695652173913043,1.4188208779971152
760,1,6,4,2,0,0,4,95,14,6.785714285714286,0.6666666666666666,0.5283208335737187
761,2,2882,1166,1166,657,778,281,69,12,5.75,0.40458015267175573,1.32372934583857
762,3,1884,540,392,441,540,511,213,39,5.461538461538462,0.28662420382165604,1.4721926469938578
763,3,104,55,20,12,55,17,23,0,0.0,0.5288461538461539,1.2440054421274676
764,4,2941,1918,545,1918,300,178,173,21,8.238095238095237,0.6521591295477729,1.0315068809566972
765,1,84,42,13,6,23,42,92,10,9.2,0.5,1.2002370884194702
766,2,1701,694,694,357,427,223,47,9,5.222222222222222,0.4079952968841858,1.3575808176628235
767,3,2367,1224,497,323,1224,323,146,11,13.272727272727273,0.5171102661596958,1.2570201933337275
768,4,2636,1590,481,1590,359,206,123,19,6.473684210526316,0.6031866464339909,1.1269622894927214
769,1,2567,952,547,545,523,952,214,29,7.379310344827586,0.3708609271523179,1.4175862057606483
770,1,1726,866,396,195,269,866,73,12,6.083333333333333,0.5017381228273464,1.260653763634687
771,3,72,22,14,11,22,25,42,3,14.0,0.3055555555555556,1.403376786304594
772,3,2204,1632,231,164,1632,177,32,7,4.571428571428571,0.7404718693284936,0.9121692047248352
773,3,89,46,2,13,46,28,99,17,5.823529411764706,0.5168539325842697,1.053313296383236
774,3,81,28,10,26,28,17,127,22,5.7727272727272725,0.345679012345679,1.3715366448282384
775,1,80,26,20,19,15,26,24,5,4.8,0.325,1.4453946692076802
776,1,1615,794,381,206,234,794,36,1,36.0,0.491640866873065,1.2743123316959886
777,3,622,183,195,114,183,130,237,49,4.836734693877551,0.2942122186495177,1.445292089385339
778,2,861,575,575,48,92,146,86,12,7.166666666666667,0.667828106852497,1.0110364351302603
779,1,337,217,39,30,51,217,59,9,6.555555555555555,0.6439169139465876,1.0829717415352924
780,3,317,125,102,35,125,55,37,7,5.285714285714286,0.3943217665615142,1.3158170948540806
781,4,2597,1543,391,1543,410,253,91,12,7.583333333333333,0.5941470927993839,1.1590055540488924
782,1,1263,754,187,203,119,754,104,15,6.933333333333334,0.5969912905779889,1.152990849712304
783,3,203,87,26,15,87,75,70,7,10.0,0.42857142857142855,1.1881910000024296
784,4,456,84,75,84,217,80,132,24,5.5,0.18421052631578946,1.378646531690026
785,2,2335,1121,1121,443,469,302,233,39,5.9743589743589745,0.48008565310492507,1.301742362965751
786,3,2685,1880,345,177,1880,283,52,6,8.666666666666666,0.7001862197392924,0.9811203108945483
787,4,2313,1411,204,1411,288,410,73,1,73.0,0.6100302637267618,1.125657450799412
788,3,2594,1718,331,245,1718,300,90,17,5.294117647058823,0.6622976098689283,1.0604718379440654
789,3,2403,884,680,507,884,332,109,15,7.266666666666667,0.36787349146899706,1.383517439693199
790,3,2436,1331,480,231,1331,394,106,12,8.833333333333334,0.5463875205254516,1.2091255420613658
791,2,2273,1937,1937,79,196,61,4,0,0.0,0.8521777386713595,0.6134058756616317
792,3,1626,468,254,158,468,746,305,51,5.980392156862745,0.2878228782287823,1.260941057294196
793,2,170,56,56,31,50,33,18,4,4.5,0.32941176470588235,1.426074503941998
794,1,2545,1242,458,272,573,1242,207,36,5.75,0.48801571709233793,1.2743535614650945
795,2,2202,1127,1127,306,562,207,126,19,6.631578947368421,0.5118074477747502,1.2191569428025542
796,3,143,76,51,12,76,4,97,12,8.083333333333334,0.5314685314685315,0.9748121476570065
797,1,113,38,39,17,19,38,173,32,5.40625,0.336283185840708,1.3733207485736947
798,1,1516,1050,100,221,145,1050,18,3,6.0,0.6926121372031663,0.9875872553645015
799,4,110,45,22,45,28,15,101,17,5.9411764705882355,0.4090909090909091,1.3588326274303784
800,1,2221,800,597,392,432,800,35,1,35.0,0.360198108959928,1.4105730952595188
801,1,1037,362,332,99,244,362,107,20,5.35,0.3490838958534233,1.3407577760255767
802,3,2896,2267,248,198,2267,183,69,6,11.5,0.7828038674033149,0.8200195776304036
803,3,2330,1629,291,150,1629,260,18,1,18.0,0.6991416309012876,0.9826304386998286
804,1,2403,1652,156,185,410,1652,147,22,6.681818181818182,0.6874739908447773,0.9761885824574565
805,2,2177,1253,1253,172,593,159,186,31,6.0,0.5755627009646302,1.0761196385930867
806,3,2104,999,378,292,999,435,48,7,6.857142857142857,0.47480988593155893,1.310518029300981
807,4,144,108,7,108,18,11,93,16,5.8125,0.75,0.8705098456010286
808,1,2562,1269,384,550,359,1269,206,38,5.421052631578948,0.4953161592505855,1.2842081725510295
809,3,2749,2221,210,115,2221,203,166,34,4.882352941176471,0.8079301564205166,0.7526194410191922
810,4,4,2,1,2,1,0,101,17,5.9411764705882355,0.5,1.0
811,2,1777,1284,1284,124,207,162,63,7,9.0,0.7225661226786719,0.9443553990402342
812,4,78,41,6,41,13,18,6,0,0.0,0.5256410256410257,1.2036633427151338
813,2,2689,1919,1919,258,255,257,125,16,7.8125,0.7136481963555225,0.9704705627597907
814,4,1443,985,135,985,242,81,68,11,6.181818181818182,0.6826056826056826,0.9850180169376301
815,1,2924,2264,182,262,216,2264,121,20,6.05,0.774281805745554,0.8388608282976486
816,1,2294,1185,182,137,790,1185,73,9,8.11111111111111,0.516564952048823,1.0624797231032552
817,2,69,38,38,13,15,3,9,1,9.0,0.5507246376811594,1.128989788231852
818,2,1155,250,250,210,310,385,132,20,6.6,0.21645021645021645,1.4847900859831378
819,1,2627,1391,648,346,242,1391,138,19,7.2631578947368425,0.5295013323182337,1.200229435695917
820,4,1707,647,89,647,102,869,19,4,4.75,0.37902753368482717,0.960939060697473
821,1,85,34,20,16,15,34,149,26,5.730769230769231,0.4,1.386317846013503
822,3,852,273,218,113,273,248,251,39,6.435897435897436,0.3204225352112676,1.4079950464560202
823,4,1718,1107,293,1107,224,94,81,12,6.75,0.6443538998835856,1.0477751090054024
824,4,2161,661,665,661,306,529,239,50,4.78,0.3058769088385007,1.4195700153672388
825,4,2419,2149,41,2149,162,67,41,5,8.2,0.8883836295990079,0.5042204862163118
826,3,2271,966,665,326,966,314,310,58,5.344827586206897,0.42536327608982827,1.3155217312782033
827,2,463,189,189,55,122,97,153,25,6.12,0.408207343412527,1.3445305656471382
828,3,2816,2461,247,62,2461,46,3,0,0.0,0.8739346590909091,0.526139025991554
829,4,1802,1120,207,1120,161,314,83,12,6.916666666666667,0.6215316315205327,1.1091848363008041
830,4,2399,1231,393,1231,321,454,111,11,10.090909090909092,0.5131304710295956,1.2703191294767673
831,2,2624,1718,1718,536,205,165,56,7,8.0,0.6547256097560976,1.0063954742185373
832,1,4,2,1,1,0,2,83,15,5.533333333333333,0.5,1.0
833,2,2604,1107,1107,310,742,445,280,31,9.03225806451613,0.4251152073732719,1.3172038342766448
834,2,2364,1136,1136,202,533,493,71,11,6.454545454545454,0.4805414551607445,1.2594084035944146
835,3,1309,911,176,81,911,141,173,24,7.208333333333333,0.6959511077158136,0.9839012209412965
836,4,2933,1513,627,1513,591,202,46,8,5.75,0.515854074326628,1.2073642272987435
837,3,1935,1209,242,275,1209,209,206,28,7.357142857142857,0.6248062015503876,1.121936150134576
838,1,2155,964,484,386,321,964,140,23,6.086956521739131,0.44733178654292344,1.3374957061685953
839,4,321,138,71,138,81,31,0,0,0.0,0.42990654205607476,1.3084006691679169
840,1,1730,875,170,269,416,875,107,18,5.944444444444445,0.5057803468208093,1.2408398256302076
841,3,4,4,0,0,4,0,96,17,5.647058823529412,1.0,0.0
842,4,72,24,22,24,14,12,33,1,33.0,0.3333333333333333,1.4128664658576406
843,4,78,22,17,22,17,22,9,0,0.0,0.28205128205128205,1.4730934877404336
844,2,2815,1516,1516,400,560,339,126,20,6.3,0.5385435168738899,1.2312085713849414
845,1,1181,810,92,97,182,810,152,24,6.333333333333333,0.6858594411515665,0.9987903686374141
846,3,1592,402,474,398,402,318,94,15,6.266666666666667,0.25251256281407036,1.4845763942916896
847,3,4,4,0,0,4,0,57,8,7.125,1.0,0.0
848,4,866,553,143,553,114,56,40,7,5.714285714285714,0.6385681293302541,1.069631556351211
849,4,2189,810,489,810,427,463,112,9,12.444444444444445,0.3700319780721791,1.417047678049997
850,2,2520,1229,1229,437,555,299,106,12,8.833333333333334,0.4876984126984127,1.2839639898786457
851,3,85,28,25,16,28,16,222,42,5.285714285714286,0.32941176470588235,1.4263397484174223
852,2,2324,1128,1128,375,343,478,118,19,6.2105263157894735,0.4853700516351119,1.301304239733661
853,3,854,513,158,60,513,123,271,48,5.645833333333333,0.6007025761124122,1.1221889723950436
854,2,75,30,30,13,8,24,41,7,5.857142857142857,0.4,1.3086936629223027
855,3,2945,2236,177,399,2236,133,82,14,5.857142857142857,0.7592529711375212,0.8363247315897697
856,3,2900,788,1249,527,788,336,223,37,6.027027027027027,0.2717241379310345,1.3307574011375298
857,1,189,45,42,42,60,45,69,9,7.666666666666667,0.23809523809523808,1.4899196287719974
858,3,2448,1146,484,487,1146,331,252,44,5.7272727272727275,0.4681372549019608,1.3161208191003428
859,3,2513,1284,503,348,1284,378,249,41,6.073170731707317,0.5109430959013131,1.2705897688795156
860,2,15,7,8,1,5,1,11,2,5.5,0.4666666666666667,1.0492395796548546
861,2,86,42,42,7,16,21,76,12,6.333333333333333,0.4883720930232558,1.2426220799318037
862,2,2820,1295,1295,603,599,323,10,0,0.0,0.4592198581560284,1.3086835501237646
863,1,2227,1801,274,69,83,1801,49,9,5.444444444444445,0.8087112707678491,0.7040952483057592
864,3,181,95,27,51,95,8,57,8,7.125,0.5248618784530387,1.1232656977358881
865,2,585,174,174,71,202,138,285,46,6.195652173913044,0.29743589743589743,1.3905388148912867
866,1,583,369,91,52,71,369,111,16,6.9375,0.6329331046312179,1.0991923166014677
867,1,2890,2239,177,230,244,2239,32,6,5.333333333333333,0.7747404844290657,0.8384508666548005
868,3,2510,1118,533,320,1118,539,105,12,8.75,0.4454183266932271,1.3301289673962096
869,2,617,238,238,81,144,154,172,27,6.37037037037037,0.3857374392220421,1.3742574289939498
870,3,1704,740,517,280,740,167,79,12,6.583333333333333,0.43427230046948356,1.2785995476274234
871,2,1156,649,649,149,204,154,141,21,6.714285714285714,0.5614186851211073,1.2100097875863167
872,4,1032,587,176,587,190,79,136,20,6.8,0.5687984496124031,1.1684737588123182
873,2,2650,989,989,892,508,261,171,31,5.516129032258065,0.3732075471698113,1.3149369847288224
874,1,579,239,101,141,98,239,165,23,7.173913043478261,0.41278065630397237,1.3694731912726923
875,1,1671,546,531,383,211,546,78,13,6.0,0.3267504488330341,1.3896724318655633
876,1,79,30,12,24,13,30,35,8,4.375,0.379746835443038,1.3635555734035725
877,1,1581,813,313,216,239,813,45,8,5.625,0.5142314990512334,1.2669871362091152
878,4,1422,436,316,436,433,237,152,20,7.6,0.3066104078762307,1.435398277591575
879,3,1590,397,585,267,397,341,230,39,5.897435897435898,0.24968553459119497,1.4393618546110947
880,2,1496,738,738,180,370,208,145,20,7.25,0.49331550802139035,1.2618381293389735
881,3,2686,2209,174,119,2209,184,60,6,10.0,0.8224125093075205,0.7199301229080698
882,2,2303,788,788,393,430,692,154,21,7.333333333333333,0.3421623968736431,1.408587217928983
883,2,167,51,51,39,20,57,19,4,4.75,0.30538922155688625,1.3860222675821847
884,2,626,368,368,90,96,72,115,20,5.75,0.5878594249201278,1.17598575665474
885,1,2577,1383,389,470,335,1383,92,12,7.666666666666667,0.5366705471478463,1.2421513083525755
886,4,73,23,21,23,8,21,15,2,7.5,0.3150684931506849,1.3837520025656567
887,3,2641,1231,557,469,1231,384,146,19,7.684210526315789,0.46611132146914047,1.320832884623464
888,3,89,33,4,28,33,24,91,15,6.066666666666666,0.3707865168539326,1.2359104977437934
889,1,2365,1524,187,187,467,1524,143,21,6.809523809523809,0.6443974630021142,1.0410378343916764
890,2,2558,1231,1231,176,1005,146,133,20,6.65,0.4812353401094605,1.0309942505444343
891,4,1629,658,426,658,323,222,96,19,5.052631578947368,0.4039287906691222,1.36075495865329
892,1,80,35,13,5,27,35,70,9,7.777777777777778,0.4375,1.204868061265583
893,3,80,34,19,13,34,14,0,0,0.0,0.425,1.3586173045593735
894,2,861,639,639,35,92,95,128,17,7.529411764705882,0.7421602787456446,0.8834403304765857
895,1,167,70,31,33,33,70,0,0,0.0,0.41916167664670656,1.3755043046127666
896,3,2319,1599,313,178,1599,229,183,34,5.382352941176471,0.6895213454075032,1.0040761526817568
897,1,9,4,5,0,0,4,142,16,8.875,0.4444444444444444,0.4711093925305278
898,2,2162,1138,1138,315,456,253,90,12,7.5,0.5263644773358002,1.2406478633078197
899,4,83,60,10,60,9,4,39,6,6.5,0.7228915662650602,0.9262325416762027
900,1,317,225,44,20,28,225,61,7,8.714285714285714,0.7097791798107256,0.9561757092663226
901,1,317,181,54,28,54,181,74,12,6.166666666666667,0.5709779179810726,1.179180820339722
902,4,1257,544,233,544,192,288,124,21,5.904761904761905,0.4327764518695306,1.3518509769160914
903,2,1633,630,630,420,281,302,65,11,5.909090909090909,0.385793018983466,1.3910433913719258
904,1,2199,682,663,248,606,682,0,0,0.0,0.3101409731696226,1.3890308874842143
905,2,5,2,2,2,1,0,81,17,4.764705882352941,0.4,0.9931568569324173
906,3,1001,381,207,175,381,238,85,13,6.538461538461538,0.3806193806193806,1.4027971109270805
907,4,1708,1442,80,1442,90,96,50,8,6.25,0.8442622950819673,0.6640252428156673
908,4,2258,1535,233,1535,274,216,96,7,13.714285714285714,0.6798051372896369,1.0312436055650747
909,4,81,43,9,43,24,5,130,25,5.2,0.5308641975308642,1.1202004272208688
910,2,588,353,353,92,78,65,79,12,6.583333333333333,0.6003401360544217,1.1565306465326455
911,2,2955,1978,1978,133,188,656,127,20,6.35,0.6693739424703892,0.9362461443153588
912,1,2674,1632,250,196,596,1632,249,44,5.659090909090909,0.6103216155572176,1.0786802650672112
913,1,1711,605,293,470,343,605,312,50,6.24,0.35359438924605496,1.412820137449882
914,3,2602,1720,304,248,1720,330,88,13,6.769230769230769,0.6610299769408148,1.0629325318375025
915,1,318,124,90,46,58,124,100,12,8.333333333333334,0.389937106918239,1.3666219086775864
916,1,1489,725,201,272,291,725,161,22,7.318181818181818,0.48690396239086636,1.2983262685986277
917,2,570,260,260,104,86,120,91,17,5.352941176470588,0.45614035087719296,1.3327407767404842
918,2,189,73,73,37,33,46,232,43,5.395348837209302,0.3862433862433862,1.3964100040419138
919,4,660,272,111,272,147,130,120,23,5.217391304347826,0.4121212121212121,1.3768078902695002
920,1,2141,1279,480,177,205,1279,205,37,5.54054054054054,0.5973843998131714,1.1050259031466199
921,2,2834,1791,1791,174,642,227,42,6,7.0,0.6319689484827099,1.0241737724552782
922,4,2918,2058,206,2058,479,175,123,17,7.235294117647059,0.7052775873886223,0.9413696803054679
923,1,2451,1616,276,342,217,1616,83,8,10.375,0.6593227254181967,1.0609054689521042
924,2,2379,2197,2197,65,65,52,44,5,8.8,0.9234972677595629,0.4043744086726938
925,2,166,41,41,28,62,35,71,8,8.875,0.2469879518072289,1.4372826160463408
926,3,2592,1575,301,501,1575,215,214,25,8.56,0.6076388888888888,1.1169538596359798
927,1,1704,1039,183,117,365,1039,78,12,6.5,0.6097417840375586,1.0871986128097717
928,4,6,5,0,5,1,0,95,16,5.9375,0.8333333333333334,0.430827083453526
929,2,166,63,63,35,20,48,253,39,6.487179487179487,0.3795180722891566,1.358960204236727
930,3,17,10,4,2,10,1,79,10,7.9,0.5882352941176471,1.0948376405148457
931,4,1702,273,225,273,736,468,260,46,5.6521739130434785,0.16039952996474735,1.4210962621870813
932,4,2384,856,471,856,441,616,143,14,10.214285714285714,0.35906040268456374,1.4170475305115924
933,2,1437,1067,1067,134,99,137,204,43,4.744186046511628,0.7425191370911621,0.9083366429466941
934,1,2449,1213,380,463,393,1213,166,25,6.64,0.495304205798285,1.2950122292291528
935,1,1718,835,218,377,288,835,81,12,6.75,0.4860302677532014,1.2900145247067643
936,4,89,26,12,26,35,16,256,45,5.688888888888889,0.29213483146067415,1.3643455117882626
937,4,106,52,15,52,21,18,20,1,20.0,0.49056603773584906,1.2962927330940508
938,4,2667,1892,264,1892,220,291,32,6,5.333333333333333,0.709411323584552,0.9759500283575554
939,4,2657,1616,539,1616,283,219,241,44,5.4772727272727275,0.6082047421904403,1.1077916817105522
940,1,72,38,17,9,8,38,42,1,42.0,0.5277777777777778,1.2189063435389171
941,4,2736,1809,633,1809,206,88,129,22,5.863636363636363,0.6611842105263158,0.9290069959251689
942,3,109,50,23,22,50,14,34,6,5.666666666666667,0.45871559633027525,1.3199127124192693
943,4,2653,1503,124,1503,923,103,20,0,0.0,0.5665284583490389,0.918457578713949
944,4,189,27,38,27,47,77,134,18,7.444444444444445,0.14285714285714285,1.492348082278313
945,1,2337,987,618,195,537,987,122,17,7.176470588235294,0.42233632862644416,1.293953456419585
946,2,111,51,51,9,26,25,106,16,6.625,0.4594594594594595,1.2687188247926942
947,2,619,382,382,66,79,92,119,20,5.95,0.617124394184168,1.132137586547474
